area,area_code,year,obesity,employment_rate,no_adults_in_employment,white,air_emission,median_income,house_price
City of London 001,E02000001,2011,23.21428571,73.58490566,0.9,78.6305085,153.4739024,46.788,465
Barking and Dagenham 001,E02000002,2011,24.01574803,54.56422018,11.8,64.9889299,83.76669369,27.059,185
Barking and Dagenham 002,E02000003,2011,23.96166134,60.76374318,7,54.6142359,88.74037897,36.835,200
Barking and Dagenham 003,E02000004,2011,21.01449275,61.9873817,5.3,80.9770301,81.14405095,39.668,193.75
Barking and Dagenham 004,E02000005,2011,24.24242424,58.28417327,9.6,66.2695632,88.44669902,29.156,165
Barking and Dagenham 006,E02000006,2011,25.67567568,55.38275706,10.5,62.1053711,89.68857715,25.569,153.75
Barking and Dagenham 007,E02000007,2011,27.31591449,54.3980683,12.7,67.1823456,86.46905966,26.75,160
Barking and Dagenham 008,E02000008,2011,29.88505747,55.23652922,11,69.6430115,89.83158927,27.347,171
Barking and Dagenham 009,E02000009,2011,25.07042254,55.92735833,10.6,61.1792734,90.88749677,27.077,157.5
Barking and Dagenham 010,E02000010,2011,25.10638298,56.03566529,12.7,69.2048752,86.82645082,33.153,184
Barking and Dagenham 011,E02000011,2011,25.40106952,60.20128088,7.6,66.3649588,83.80531288,42.624,250
Barking and Dagenham 012,E02000012,2011,23.44632768,57.84637473,5.3,43.8915858,93.32958392,27.213,156.25
Barking and Dagenham 013,E02000013,2011,24.78386167,56.26224835,10.7,68.9121638,88.88465193,26.796,159
Barking and Dagenham 014,E02000014,2011,26.82926829,56.61111976,11,70.4850032,89.90232019,24.591,140
Barking and Dagenham 015,E02000015,2011,23.98648649,53.05336159,11.5,63.2817665,84.84246399,26.823,152.975
Barking and Dagenham 016,E02000016,2011,24.73498233,53.28519856,10,29.5857217,104.9993605,34.435,225
Barking and Dagenham 017,E02000017,2011,26.55826558,54.87203942,6.4,31.2661803,94.12825622,26.613,155.5
Barking and Dagenham 018,E02000018,2011,27.13864307,54.69271877,12.8,64.1394826,93.99472841,29.593,155
Barking and Dagenham 019,E02000019,2011,26.53562654,58.41022001,10.3,63.8835186,96.91232722,27.819,171
Barking and Dagenham 020,E02000020,2011,33.22033898,54.35578914,9.4,46.356188,90.05600167,28.518,152
Barking and Dagenham 021,E02000021,2011,29.62962963,58.41052242,9.9,57.5404858,90.35490385,22.151,135
Barking and Dagenham 022,E02000022,2011,27.30496454,49.77919096,17.1,38.224906,104.4626441,24.258,167.25
Barking and Dagenham 023,E02000023,2011,24.70588235,53.01632363,15.2,45.1712434,94.43591281,27.616,195
Barnet 001,E02000024,2011,12.5,68.14461119,2.1,83.398976,82.15838469,44.293,370
Barnet 002,E02000025,2011,24.56140351,65.93461861,4.3,78.7330317,81.72566312,32.507,262.5
Barnet 003,E02000026,2011,18.49710983,64.22657952,3.6,78.5838745,82.97700814,39.295,351.998
Barnet 004,E02000027,2011,18.94736842,58.3126188,7.1,69.6707647,82.45709831,27.381,279.95
Barnet 005,E02000028,2011,16.10738255,67.81938326,4.7,74.8621473,87.70981254,39.306,330
Barnet 006,E02000029,2011,23.04347826,65.66827697,5.9,74.9794529,87.02637509,31.213,263.825
Barnet 007,E02000030,2011,21.73913043,62.62158407,3.8,75.0273823,83.88706869,46.651,609
Barnet 008,E02000031,2011,19.8757764,65.64989314,2.6,71.5793803,89.07879936,42.831,410.5
Barnet 009,E02000032,2011,13.62126246,64.67391304,2.4,67.710322,88.47675448,41.515,398.5
Barnet 010,E02000033,2011,19.77186312,63.66283773,5.9,69.0172192,91.17544084,29.483,308.41
Barnet 011,E02000034,2011,18.75,64.75409836,5.1,70.7216737,90.0261897,32.409,243.625
Barnet 012,E02000035,2011,18.98734177,65.98639456,4.1,63.9296924,87.96254428,35.703,330
Barnet 013,E02000036,2011,23.49206349,63.07530001,5,57.963325,100.077729,31.167,282
Barnet 014,E02000037,2011,14.55108359,63.16262354,5.6,63.4945078,89.09857168,36.675,320
Barnet 015,E02000038,2011,18.22033898,65.31909484,4.9,65.4650942,96.27953865,33.581,317.5
Barnet 016,E02000039,2011,18.30985915,67.13987474,3.1,70.1423221,99.79007239,45.509,425
Barnet 017,E02000040,2011,16.90821256,60.95103768,6.7,62.3037377,85.24325965,31.793,367.5
Barnet 018,E02000041,2011,20.32520325,62.96770067,4.9,57.1898763,91.05367553,30.53,338.5
Barnet 019,E02000042,2011,18.22033898,66.08143444,3.6,57.9659742,95.75521999,31.836,280
Barnet 020,E02000043,2011,12.10526316,66.85072704,2.1,60.3950104,87.89880311,51.412,537.5
Barnet 021,E02000044,2011,21.13821138,60.16302463,8.9,56.1020939,94.86978661,26.179,247
Barnet 022,E02000045,2011,21.21212121,64.24005219,7.1,64.5403927,101.1675992,28.859,268.975
Barnet 023,E02000046,2011,13.38028169,69.02154071,3.1,62.7778564,96.47811586,37.474,317.5
Barnet 024,E02000047,2011,25.12690355,57.85634813,9.1,46.0564495,91.88158848,22.538,230
Barnet 025,E02000048,2011,14.34262948,65.93422172,3.9,63.8891718,94.69158657,41.106,363.5
Barnet 026,E02000049,2011,28.4057971,51.68558652,13.8,38.4570152,93.53952759,19.305,218.5
Barnet 027,E02000050,2011,20,64.29336188,5.6,62.3708267,100.8584911,30.134,270
Barnet 028,E02000051,2011,13.1147541,64.48494453,3,65.6990864,102.4642276,42.567,349.76
Barnet 029,E02000052,2011,16.74876847,70.37333333,3.6,73.4481336,97.32920101,37.106,356.5
Barnet 030,E02000053,2011,23.73737374,56.79427236,5.3,40.9681499,94.19833231,25.778,250
Barnet 031,E02000054,2011,22.85714286,61.50243199,4.2,54.0383014,106.9845651,32.171,321.5
Barnet 032,E02000055,2011,17.18061674,58.91435464,3.2,61.8778077,100.0569806,31.358,325
Barnet 033,E02000056,2011,11.26760563,66.9544741,2.3,79.67868,97.98568643,63.752,875
Barnet 034,E02000057,2011,15.38461538,62.32676166,2.8,70.4168894,108.961506,37.191,390
Barnet 035,E02000058,2011,14.84716157,67.05194263,2.7,76.7808219,100.5299677,49.097,567.9
Barnet 036,E02000059,2011,18.69918699,59.14456149,5.5,42.2028875,99.88975377,24.087,250
Barnet 037,E02000060,2011,14.74358974,62.11815562,3.4,72.6098901,108.8130621,40.122,543
Barnet 038,E02000061,2011,8.510638298,66.2562396,2.3,66.2922751,101.9251396,48.783,480
Barnet 039,E02000062,2011,19.89528796,60,8.5,49.3690852,115.0476351,23.645,272.5
Barnet 040,E02000063,2011,19.07514451,60.73462974,7.4,52.2737054,103.8158065,28.148,350
Barnet 041,E02000064,2011,18.03278689,58.54287556,7.3,60.8514725,106.7920487,28.377,319.5
Bexley 001,E02000065,2011,27.56756757,58.4381453,9.2,43.3081137,83.95328288,26.981,145
Bexley 002,E02000066,2011,26.52068127,55.92972182,9.2,52.9094492,87.11201234,22.542,126
Bexley 003,E02000067,2011,26.60550459,62.2856227,7.2,69.5771429,85.3220776,26.156,155
Bexley 004,E02000068,2011,29.02097902,60.75558982,9.8,65.3086086,86.38278713,26.03,155
Bexley 005,E02000069,2011,34.06593407,60.79711777,5.2,74.3622861,84.8602163,29.097,161
Bexley 006,E02000070,2011,22.31759657,64.11466527,2.7,82.3873016,87.12424942,33.41,228
Bexley 007,E02000071,2011,24.91349481,64.30594901,5.2,84.890411,84.60093526,29.748,214
Bexley 008,E02000072,2011,23.09368192,56.33749527,12.3,71.2544742,81.1761564,22.762,158
Bexley 009,E02000073,2011,23.13432836,65.3315824,2.8,83.8026856,88.44715061,38.384,242
Bexley 010,E02000074,2011,28.20512821,60.58976261,7.8,82.1423906,88.00799666,24.851,163
Bexley 011,E02000075,2011,19.04761905,65.91695502,1.9,88.4373427,85.23239961,38.685,250
Bexley 013,E02000076,2011,22.97297297,62.1704075,4.1,82.1741855,87.8874164,31.615,220
Bexley 014,E02000077,2011,21.77419355,66.72610556,2.7,82.8710213,86.95785557,36.561,203.25
Bexley 015,E02000078,2011,12.69035533,68.51558373,2.4,90.6327462,82.96100866,37.56,221.25
Bexley 016,E02000079,2011,25.65789474,67.57679181,2.5,86.5861411,90.40943346,32.793,229
Bexley 017,E02000080,2011,27.35426009,64.80152336,3.6,81.495228,90.7251625,32.046,231.995
Bexley 018,E02000081,2011,22.14285714,63.66181411,3.3,89.5514442,87.86185325,36.144,230.5
Bexley 019,E02000082,2011,18.40490798,69.12989818,1.8,87.4155025,94.78869747,29.038,175
Bexley 020,E02000083,2011,15.58935361,64.44957438,4.9,87.8825095,85.72630099,41.318,248.998
Bexley 021,E02000084,2011,19.6969697,67.49840051,2.2,87.0970773,94.44952206,33.487,210
Bexley 022,E02000085,2011,20.46511628,67.75096187,2.7,90.0164703,94.80756105,41.089,239
Bexley 023,E02000086,2011,14.34977578,68.25572801,1.9,92.5627729,85.82128682,48.169,324
Bexley 024,E02000087,2011,20.86956522,66.29401901,1.9,89.6688217,88.81283203,40.186,250
Bexley 025,E02000088,2011,18.00766284,67.0186554,1.7,91.8056094,85.7519532,42.366,273
Bexley 026,E02000089,2011,15.78947368,67.24326293,1.7,92.3936785,87.73418649,37.219,192.5
Bexley 027,E02000090,2011,20.81447964,64.92312569,2.8,90.5569562,90.461401,37.55,233.75
Bexley 028,E02000091,2011,28.21782178,62.60363636,2.7,89.4649866,86.64003489,27.187,190
Bexley 029,E02000092,2011,24.25742574,60.50382366,7.3,87.4105198,81.63048802,29.625,210
Brent 001,E02000093,2011,20.72368421,61.40782673,4.8,27.9426629,91.11014237,33.472,320
Brent 002,E02000094,2011,23.57142857,60.09360374,5.6,37.4685571,93.57541427,30.685,308.5
Brent 003,E02000095,2011,23.21428571,57.75293008,4.4,27.8298559,92.41456691,33.359,311
Brent 004,E02000096,2011,18.53932584,63.69515819,2.1,32.2848118,89.600629,51.12,435
Brent 005,E02000097,2011,22.97297297,58.63802559,5.1,36.1241349,92.24617189,30.181,299.95
Brent 006,E02000098,2011,25,59.56617522,4.4,32.7920443,91.5524276,36.992,366.5
Brent 007,E02000099,2011,23.64864865,61.1945015,6,29.9988515,92.35265577,34.889,308
Brent 008,E02000100,2011,21.52466368,59.14010824,2.2,31.5808298,91.84710536,48.533,385
Brent 009,E02000101,2011,26.22377622,55.31788473,7.9,30.3364766,97.65313196,27.696,246
Brent 010,E02000102,2011,21.65242165,54.97054492,9.2,31.6681649,102.7660732,23.73,250
Brent 011,E02000103,2011,21.92192192,55.510796,8.7,42.2446406,103.6189001,26.806,292.5
Brent 012,E02000104,2011,24.13793103,57.6041459,4.6,29.8950791,98.02789406,32.803,323
Brent 013,E02000105,2011,23.62869198,57.99768183,4.9,24.2447294,96.13716251,30.264,250
Brent 014,E02000106,2011,30.43478261,56.78351619,9.7,37.6333562,115.8558996,24.454,289
Brent 015,E02000107,2011,19.81981982,62.89182182,5.2,53.469884,102.6119644,30.789,313
Brent 016,E02000108,2011,24.18604651,59.14484452,5.7,26.2150668,96.90454064,28.659,262.082
Brent 017,E02000109,2011,27.46478873,58.3654998,5,23.7327656,97.16870933,28.215,250
Brent 018,E02000110,2011,23.33333333,63.72078626,5.1,53.0728329,102.3662036,36.528,460
Brent 019,E02000111,2011,22.03947368,58.81086898,3.9,16.2134533,98.41671214,27.15,230.5
Brent 020,E02000112,2011,25.8302583,58.49107994,4.4,21.0665818,103.4512864,26.226,265
Brent 021,E02000113,2011,27.40384615,48.46224117,14.3,24.7436561,112.1830435,20.202,211
Brent 022,E02000114,2011,27.75119617,65.30783191,4.9,52.563818,106.8617379,28.588,276
Brent 023,E02000115,2011,29.00763359,67.12853774,3.2,62.1223022,109.4065654,38.186,357.5
Brent 024,E02000116,2011,24,58.59067017,8.9,40.7702686,103.2457474,23.147,227
Brent 025,E02000117,2011,28.27004219,51.68152109,11.4,31.124615,109.5640315,21.148,223
Brent 026,E02000118,2011,19.375,57.87121106,5.4,17.3156499,97.53042166,24.942,250
Brent 027,E02000119,2011,25.30864198,47.88902292,11.9,21.8543046,105.8244331,21.638,180
Brent 028,E02000120,2011,20.54794521,69.66144118,3.5,64.184936,110.3699496,36.708,360
Brent 029,E02000121,2011,18.41269841,59.27997705,4.6,16.0304489,97.58194531,26.397,220
Brent 030,E02000122,2011,20.41884817,65.97118728,3.9,58.2250278,101.7175548,47.307,407.5
Brent 031,E02000123,2011,31.0546875,57.42820324,9.2,39.7649297,120.5711213,23.115,236.5
Brent 032,E02000124,2011,17.82178218,70.02963695,4.3,64.8209744,113.5247134,42.553,460
Brent 033,E02000125,2011,18.21862348,67.37673528,4.8,53.8788719,111.650735,37.288,382.5
Brent 034,E02000126,2011,28.33333333,53.96206346,8.8,33.1189711,115.3724956,22.165,295
Bromley 001,E02000127,2011,23.27044025,59.17408091,8.9,80.5139691,87.5877759,25.946,180
Bromley 002,E02000128,2011,14.86486486,68.53252648,3.3,88.3328763,84.36126868,37.117,290
Bromley 004,E02000129,2011,21.07843137,63.23420074,5.5,76.8305439,86.16452808,34.183,264.6
Bromley 005,E02000130,2011,24.32432432,68.02403204,3.7,69.4970938,92.01193149,29.839,199.995
Bromley 006,E02000131,2011,16.07142857,68.69343891,5.8,62.6200581,94.52925442,36.073,235
Bromley 007,E02000132,2011,13.5483871,71.75538278,3.7,80.4832497,92.32527029,60.333,463.75
Bromley 008,E02000133,2011,12.10526316,67.04918033,1.6,87.9138039,84.64518943,35.942,231.25
Bromley 009,E02000134,2011,27.88461538,70.25049603,3.4,83.0223707,90.77943049,22.604,168.5
Bromley 010,E02000135,2011,15.78947368,56.56070578,10.5,56.5029792,93.20312448,34.834,335
Bromley 011,E02000136,2011,12.71186441,58.27116028,5.1,84.9511173,82.40405576,45.204,250
Bromley 012,E02000137,2011,11.21495327,70.21424839,2.3,84.8198313,86.94986247,49.094,281
Bromley 013,E02000138,2011,14.70588235,70.89209856,1.1,85.7358871,88.64672562,38.704,248.25
Bromley 014,E02000139,2011,21.03658537,72.26527302,2.9,83.15486,89.96328076,23.489,190
Bromley 015,E02000140,2011,21.97802198,56.52333028,9.5,84.3427434,84.23435553,32.858,238.998
Bromley 016,E02000141,2011,11.45374449,68.44333269,4.5,69.6253602,91.50444313,45.498,300
Bromley 018,E02000142,2011,18.57923497,68.45945029,2.6,85.2142426,90.15541233,44.725,275
Bromley 019,E02000143,2011,24.33333333,70.41474654,2.6,84.4745852,91.43408588,24.228,171.5
Bromley 020,E02000144,2011,17.90393013,71.90609453,2.3,80.4054832,90.53073462,37.735,250
Bromley 021,E02000145,2011,11.06870229,57.44031592,11.3,80.6579273,77.30087783,55.508,445
Bromley 022,E02000146,2011,10.90909091,70.96992227,1.9,86.9173474,86.60986039,50.081,440
Bromley 023,E02000147,2011,19.30501931,64.72162741,1.5,85.7573096,86.18274311,29.404,225
Bromley 024,E02000148,2011,13.8047138,65.1816609,2.1,88.6560364,80.92616485,43.369,333
Bromley 025,E02000149,2011,9.150326797,63.66624064,6.8,88.0902958,82.10799114,52.696,423
Bromley 026,E02000150,2011,14.58333333,67.44345442,2.3,83.5828045,85.26019157,29.543,265
Bromley 027,E02000151,2011,10.93247588,64.30027804,1.3,91.1011355,80.92450595,47.622,362.5
Bromley 028,E02000152,2011,11.2244898,61.3178634,7.9,83.9926963,81.27593727,40.86,271.75
Bromley 029,E02000153,2011,18.88888889,68.00437796,1.6,91.4893617,83.33993266,32.409,220
Bromley 030,E02000154,2011,13.38797814,66.35802469,2.8,86.9581606,82.47035688,46.521,351.116
Bromley 031,E02000155,2011,13.30935252,63.14837153,2.2,89.6307024,80.13209833,47.996,327.5
Bromley 032,E02000156,2011,20.97378277,66.97945124,1.4,89.3914338,84.84163732,33.394,285
Bromley 033,E02000157,2011,18.71921182,64.42307692,1.4,91.9763938,80.27842128,50.127,430
Bromley 034,E02000158,2011,10.52631579,60.04004004,6.5,87.7919609,77.46375133,44.672,335
Bromley 035,E02000159,2011,11.23188406,63.92352452,2.2,90.2378156,79.8080081,45.001,283.75
Bromley 036,E02000160,2011,18.0952381,67.23707665,1.7,93.5336049,79.30943557,35.374,280
Bromley 037,E02000161,2011,12.21719457,67.01631702,1.4,88.3234245,78.47819296,45.352,395
Bromley 039,E02000162,2011,13.19148936,63.23846486,2.8,90.5423577,74.50378834,35.787,239.75
Bromley 040,E02000163,2011,17.16738197,66.86615887,1.7,92.8888889,74.60670121,32.275,275
Bromley 041,E02000164,2011,15.09433962,64.29484448,2.6,95.9396391,73.04532678,40.665,315
Bromley 042,E02000165,2011,14.37125749,72.65167265,2,95.3158268,73.17030685,38.75,320
Camden 001,E02000166,2011,15.24390244,63.65448505,5,79.3791015,98.8638913,42.65,495
Camden 002,E02000167,2011,,71.75870858,1.5,84.8187311,103.6004881,71.771,922.5
Camden 003,E02000168,2011,14.03508772,68.13687019,4,78.2183064,115.8134232,43.197,397.5
Camden 004,E02000169,2011,,61.42141067,2.2,75.8805814,108.1631439,72.851,927.75
Camden 005,E02000170,2011,12.62135922,71.85832839,2.5,74.3223795,108.0093504,49.795,520
Camden 006,E02000171,2011,19.59459459,67.75638898,3.9,77.0785367,115.9048541,46.318,492.5
Camden 007,E02000172,2011,25.81602374,52.2194579,9.4,62.5603627,114.6428167,25.248,322.5
Camden 008,E02000173,2011,,70.70266644,1.8,70.0977199,120.5416149,60.006,713.5
Camden 009,E02000174,2011,19.65811966,63.92542275,5.6,67.8907505,113.9653135,31.969,430.5
Camden 010,E02000175,2011,18.11023622,71.99409554,3.5,70.2983725,120.1446463,43.267,432.5
Camden 011,E02000176,2011,,74.97076023,1,77.6871175,112.7841794,62.063,666.25
Camden 012,E02000177,2011,25.29182879,58.32338902,8.1,64.0143049,116.2011921,28.69,370
Camden 013,E02000178,2011,24.85207101,64.94632535,5.6,63.0800497,116.0447807,30.067,350
Camden 014,E02000179,2011,18.18181818,63.6285653,6.6,66.6455996,121.6315839,41.716,615
Camden 015,E02000180,2011,20.93023256,56.40012162,4.5,66.0692514,125.2050726,32.416,417.5
Camden 016,E02000181,2011,20.87912088,74.7184774,2.9,75.7913856,108.8305345,53.974,495.25
Camden 017,E02000182,2011,20.58823529,60.66666667,4.8,59.7133045,122.6836155,47.092,625
Camden 018,E02000183,2011,12.60504202,66.07627254,3.4,77.21471,111.1070323,48.659,665
Camden 019,E02000184,2011,24,52.74303582,6.9,59.0069804,128.1336922,26.058,330
Camden 020,E02000185,2011,22.08835341,57.57869249,7.3,57.9613993,120.4195664,26.41,375
Camden 021,E02000186,2011,11.76470588,60.45845272,3.5,69.4332287,126.2909521,35.37,505
Camden 022,E02000187,2011,25.3968254,44.04562227,9.6,47.0631514,125.2796369,21.851,400
Camden 023,E02000188,2011,29.00763359,41.83179903,6.8,48.3898101,130.692831,23.234,330
Camden 024,E02000189,2011,23.33333333,41.0663765,7.2,45.3734859,141.1552426,25.62,380
Camden 025,E02000190,2011,21.73913043,38.43857996,3.3,56.9853918,133.5553317,27.809,342.5
Camden 026,E02000191,2011,,40.11490866,1.3,56.7693744,151.8260064,34.232,537.5
Camden 027,E02000192,2011,23.59550562,58.93736805,6,58.516138,134.3978538,30.782,452.5
Camden 028,E02000193,2011,28.78787879,57.23606168,1.6,64.3905636,153.9280392,35.144,470
Croydon 001,E02000194,2011,22.45989305,67.34725207,5.6,60.4415823,93.97863643,31.945,218.5
Croydon 002,E02000195,2011,19.59183673,63.59739876,3.9,46.1101399,93.36867424,37.134,291.25
Croydon 003,E02000196,2011,28.11059908,58.04514015,6,35.6071863,92.9506739,29.358,250
Croydon 004,E02000197,2011,21.52777778,60.91134532,7.8,35.8808005,92.75533728,28.768,235
Croydon 005,E02000198,2011,29.53020134,59.96852046,9.1,37.3234201,94.74890519,25.836,188
Croydon 006,E02000199,2011,27.75510204,62.36020698,7.4,33.4045077,94.29658243,28.685,203.9
Croydon 007,E02000200,2011,25.09225092,63.15363445,7.7,45.8162527,92.44907586,27.756,180
Croydon 008,E02000201,2011,22.65861027,59.75855131,9.2,39.826108,92.05948949,24.27,170
Croydon 009,E02000202,2011,23.7012987,58.64504736,5.8,24.8479176,91.27957499,27.698,210
Croydon 010,E02000203,2011,27.92792793,59.46483457,7.1,29.0754742,95.30393899,25.648,166.5
Croydon 011,E02000204,2011,27.24358974,57.01128936,7.3,20.3359201,94.82367056,27.578,221.5
Croydon 013,E02000205,2011,26.15384615,61.14457831,8.6,50.1728723,88.34038213,24.553,164.25
Croydon 014,E02000206,2011,27.00729927,59.06231276,10,36.4503617,92.78789988,26.377,204
Croydon 015,E02000207,2011,23.51190476,60.15283843,9.7,45.9606623,90.88043124,23.258,162
Croydon 016,E02000208,2011,22.56267409,56.07746784,11.4,28.2635342,94.16386945,25.897,191.75
Croydon 017,E02000209,2011,22.69230769,58.69379381,9,27.7275969,94.88687666,31.27,213
Croydon 018,E02000210,2011,14.94845361,67.6042677,5.2,57.1720818,88.83645865,40.687,250
Croydon 019,E02000211,2011,27.82874618,67.57898294,2.3,74.625,84.94094291,23.897,187
Croydon 020,E02000212,2011,26.56826568,57.75070916,9.4,29.7547812,96.806677,23.328,180
Croydon 021,E02000213,2011,17.54385965,56.82044003,10.9,33.3158832,98.32324618,41.062,270
Croydon 022,E02000214,2011,21.47239264,67.33635774,2.8,67.2225786,90.09536961,29.986,205
Croydon 023,E02000215,2011,21.18644068,67.38333741,5,54.4780376,93.77833009,48.844,231.5
Croydon 024,E02000216,2011,22.09737828,65.26725374,2.4,49.1985752,88.06217215,27.511,180.648
Croydon 025,E02000217,2011,23.52941176,66.74479526,7.9,52.3431049,98.79902574,30.242,314.5
Croydon 026,E02000218,2011,21.51898734,59.9779978,10.5,59.9698795,83.4152575,47.716,308.75
Croydon 027,E02000219,2011,22,64.56302074,1.5,73.9526412,83.42088064,30.075,190
Croydon 028,E02000220,2011,20.59701493,69.33986591,4.6,58.1520089,101.0799615,27.59,215
Croydon 029,E02000221,2011,16.32653061,60.99147276,9,53.8492872,93.02813637,40.759,220
Croydon 030,E02000222,2011,23.69477912,70.86312989,3.6,69.1927512,90.08599035,19.464,162
Croydon 031,E02000223,2011,21.22905028,49.76249287,18.4,61.629435,82.59293002,36.609,209.5
Croydon 032,E02000224,2011,27.15517241,70.75537076,4.8,68.3368037,89.84179935,23.066,180
Croydon 033,E02000225,2011,17.8807947,60.03831418,9,77.6509622,79.32800128,48.232,347.5
Croydon 034,E02000226,2011,15.40785498,65.80024924,1.9,76.9200159,82.98862179,33.018,190
Croydon 035,E02000227,2011,14.44444444,67.36218139,4,79.9929892,79.34649119,56.797,380
Croydon 036,E02000228,2011,29.26829268,65.26528364,1.9,79.5242476,82.84872909,20.645,185
Croydon 037,E02000229,2011,14.46808511,54.33854908,12.5,74.6783809,79.05356556,46.726,250
Croydon 038,E02000230,2011,16.35220126,66.1778683,3.5,68.3026381,91.19828606,58.777,509.75
Croydon 039,E02000231,2011,12.62626263,64.43060498,2,67.4560833,83.41140604,40.983,295
Croydon 040,E02000232,2011,9.523809524,64.62971377,2.9,82.9547285,78.14590709,41.588,249.95
Croydon 041,E02000233,2011,21.98275862,66.00790514,4.8,75.3382233,83.02972371,41.247,249.975
Croydon 042,E02000234,2011,15.70680628,65.80744281,3.7,73.7255391,82.57483959,48.017,313
Croydon 043,E02000235,2011,20.54263566,67.93695132,3.8,81.3289323,78.85279092,45.181,270
Croydon 044,E02000236,2011,16.35514019,67.72117962,2.5,84.1232537,78.40894283,40.645,272
Croydon 045,E02000237,2011,23.3974359,64.16938111,2.6,86.0468227,76.23144315,26.909,200
Ealing 001,E02000238,2011,24.71590909,64.15336374,5,47.7157895,93.23824075,29.229,250
Ealing 002,E02000239,2011,26.20689655,66.46539028,2.8,41.5777778,93.33703709,33.76,277.5
Ealing 003,E02000240,2011,24.94172494,58.90048713,9.8,47.1894788,92.60879712,25.369,205
Ealing 004,E02000241,2011,26.84210526,64.40849343,5.9,51.152282,92.20992896,30.465,250
Ealing 005,E02000242,2011,26.60944206,62.63605779,4,36.4039627,93.75161385,29.655,270
Ealing 006,E02000243,2011,21.07142857,63.32595637,4.4,48.9599248,98.51203067,29.187,250
Ealing 007,E02000244,2011,22.72727273,66.78959985,4.4,53.8622421,103.903074,32.152,250
Ealing 008,E02000245,2011,23.32268371,55.36277603,12.1,43.5017165,95.02726604,22.255,175
Ealing 009,E02000246,2011,20.49861496,55.00581106,9.7,45.4618198,88.5319375,24.459,240
Ealing 010,E02000247,2011,25.25252525,59.02574809,9.3,42.1711292,96.8826711,26.048,190
Ealing 011,E02000248,2011,22.92993631,66.30862871,4.9,53.0269975,119.3989527,38.267,256
Ealing 012,E02000249,2011,21.73913043,60.94276094,5.3,44.9553167,99.003324,28.013,245
Ealing 013,E02000250,2011,10.90909091,68.23805461,1.8,75.7823339,100.8320679,61.772,470
Ealing 014,E02000251,2011,25.61403509,60.88349351,5.4,27.9330312,94.69587149,28.532,250
Ealing 015,E02000252,2011,23.47826087,60.52701271,9.3,48.8460746,117.9841266,26.595,245
Ealing 016,E02000253,2011,21.68367347,56.86534216,8.1,54.7238372,97.71829883,26.097,257.5
Ealing 017,E02000254,2011,23.23529412,57.61096217,4.6,12.6159347,95.93260734,25.997,240
Ealing 018,E02000255,2011,17.98561151,62.42547623,6.2,61.5002641,105.3103682,40.484,390
Ealing 019,E02000256,2011,16.08391608,69.26193922,3.1,69.15698,113.9173189,50.64,340
Ealing 020,E02000257,2011,15.90909091,68.57544517,2.7,62.6989414,117.3089103,51.698,350
Ealing 021,E02000258,2011,16.98113208,62.30906566,5.4,58.9450223,116.6587661,35.249,350
Ealing 022,E02000259,2011,17.91044776,69.51664876,3.6,69.2638623,100.8919081,42.063,330
Ealing 023,E02000260,2011,21.55477032,52.67829813,6.2,9.5522388,111.2302288,24.748,247.5
Ealing 024,E02000261,2011,27.51677852,61.27680552,6.9,50.9102731,112.8549396,29.508,315
Ealing 025,E02000262,2011,20.53571429,65.79562044,4.9,62.8459384,108.7574378,30.715,325
Ealing 026,E02000263,2011,23.95833333,50.53788317,6.3,6.135602,107.50236,22.323,231
Ealing 027,E02000264,2011,25.64102564,69.12698413,2.9,66.6049611,112.1196911,45.947,360
Ealing 028,E02000265,2011,26.80412371,65.63370474,5,61.7051893,109.2309697,33.387,316
Ealing 029,E02000266,2011,23.11557789,48.76730834,11.4,22.7069986,104.1252304,22.204,170.5
Ealing 030,E02000267,2011,23.35025381,69.23956547,3.8,71.3254404,109.1968414,37.448,340
Ealing 031,E02000268,2011,18.56287425,67.30584851,3.8,73.1245993,101.1638973,47.342,390
Ealing 032,E02000269,2011,10.73446328,73.39805825,2,76.6402575,98.10854559,54.721,428
Ealing 033,E02000270,2011,27.33564014,57.11826476,9.1,48.0293423,103.2614601,24.319,260
Ealing 034,E02000271,2011,13.84615385,70.47509136,2,82.7887032,100.6414929,62.306,717.5
Ealing 035,E02000272,2011,11.76470588,69.92840095,2,74.1256669,94.81124422,50.797,457.25
Ealing 037,E02000273,2011,24.38095238,72.13387574,2.8,75.6817166,101.617124,21.267,218
Ealing 038,E02000274,2011,22.83105023,51.67778131,9.1,8.3798005,107.8817238,25.015,196.5
Ealing 039,E02000275,2011,16.41791045,53.84615385,7,17.0092932,100.1076155,49.469,402.5
Ealing 040,E02000276,2011,20.3539823,70.92688543,2.1,75.6471288,98.77287669,48.508,445
Enfield 001,E02000277,2011,26.42276423,60.13902681,9.3,64.9343313,101.7684895,25.716,227.5
Enfield 002,E02000278,2011,26.33451957,51.5562249,14.7,60.9256535,96.10967044,21.779,203
Enfield 003,E02000279,2011,26.47058824,56.23406425,14.3,51.7977329,89.57542625,24.37,190
Enfield 004,E02000280,2011,22.76119403,64.95098039,5.7,82.1256606,85.82587792,35.117,279.15
Enfield 005,E02000281,2011,24.91103203,60.50393195,9.6,68.2286361,88.62944718,26.86,195
Enfield 006,E02000282,2011,28.0839895,50.33091203,16.7,57.1804717,87.06133977,19.94,180
Enfield 007,E02000283,2011,27.37127371,55.53668478,12,60.3869896,86.58013262,24.504,222.5
Enfield 008,E02000284,2011,22.07207207,68.2,4.5,81.1585366,85.97267271,39.307,244.4
Enfield 009,E02000285,2011,20.10050251,66.47046458,2.8,82.4920418,87.81861572,43.171,320
Enfield 010,E02000286,2011,14.72392638,67.68282796,2.1,80.7918608,84.92862163,45.546,247.5
Enfield 011,E02000287,2011,22.60869565,58.01896308,2.7,76.2714349,80.99026927,53.025,477.5
Enfield 012,E02000288,2011,24.15349887,52.90548739,11.3,50.6959009,90.88133927,23.053,206
Enfield 013,E02000289,2011,20.57416268,62.04194027,3.3,76.998021,82.34342844,48.346,446.5
Enfield 014,E02000290,2011,31.1827957,50.09170573,15.5,45.1946976,86.40817144,19.974,208
Enfield 015,E02000291,2011,25.54112554,62.28314746,7.5,70.2039444,90.06185989,30.042,218
Enfield 016,E02000292,2011,23.66666667,62.90346137,6.8,66.726203,91.70557259,31.552,240
Enfield 017,E02000293,2011,13.83647799,65.30201342,2.8,80.9100999,87.05976507,53.234,464
Enfield 018,E02000294,2011,25.19893899,52.16698534,10.5,48.9807411,87.27902962,23.917,212.498
Enfield 019,E02000295,2011,18.72340426,63.17880795,5.4,69.3575352,87.40539442,41.983,250
Enfield 020,E02000296,2011,18.32797428,60.5044385,5.8,68.4950184,88.16113264,34.084,260
Enfield 021,E02000297,2011,17.41071429,65.78833068,2.6,75.0591525,94.32866691,44.53,355
Enfield 022,E02000298,2011,14.63414634,68.43365253,1.9,80.7171515,88.98811172,54.82,499.95
Enfield 023,E02000299,2011,24.64114833,53.86292835,11.6,40.7001718,90.18316803,22.359,210
Enfield 024,E02000300,2011,24.75247525,55.12465374,10.8,42.9692289,95.30567156,24.178,209.25
Enfield 025,E02000301,2011,27.53950339,50.0717566,13.7,41.7775571,88.5451982,20.418,173
Enfield 026,E02000302,2011,26.08695652,59.88857939,4.9,64.5688206,92.45669317,33.941,340
Enfield 027,E02000303,2011,28.45744681,47.62400277,14,44.7318236,97.63272152,21.087,235
Enfield 028,E02000304,2011,16.5,66.4036266,2.3,73.6432192,93.33951496,54.819,493
Enfield 029,E02000305,2011,16.58291457,67.7128698,2.8,72.581953,95.63482129,41.862,260
Enfield 030,E02000306,2011,31.61764706,47.00758187,14.6,37.8402011,99.08019586,18.308,177
Enfield 031,E02000307,2011,25.82417582,56.39097744,10.3,51.6256457,103.7070186,26.016,210
Enfield 032,E02000308,2011,21.62162162,61.00051046,6.4,59.4105481,104.1597749,31.597,315
Enfield 033,E02000309,2011,25.55282555,51.73026946,13.9,38.6595481,109.3556006,21.387,190
Enfield 035,E02000310,2011,27.68729642,48.63344051,15.1,41.1091154,105.0391975,26.884,250
Enfield 036,E02000311,2011,21.26696833,59.67410653,7.7,56.0575365,103.6252517,34.634,250
Enfield 037,E02000312,2011,33.23442136,66.83210265,3.7,65.5399599,104.5933996,19.714,148
Greenwich 001,E02000313,2011,26.89393939,55.89123867,10.4,49.2689613,88.88869266,24.276,154.5
Greenwich 002,E02000314,2011,29.8401421,58.05524862,11.4,38.9319356,87.85476473,29.541,157
Greenwich 003,E02000315,2011,28.92156863,54.31996005,12.1,52.2797357,87.55750607,23.697,164
Greenwich 004,E02000316,2011,22.29965157,64.09667674,7,53.1162791,99.64081097,29.087,224
Greenwich 005,E02000317,2011,25.77639752,49.61092858,14.1,48.2915173,96.59251149,23.117,190
Greenwich 006,E02000318,2011,24.25149701,52.22894882,7.7,35.0233692,90.04677684,25.175,174.5
Greenwich 007,E02000319,2011,24.27184466,56.15721587,7.9,41.5732385,93.40168144,27.011,175
Greenwich 008,E02000320,2011,28.51239669,59.99572832,8.6,55.6612319,88.59752198,27.925,180
Greenwich 009,E02000321,2011,25.2,53.60567702,9.7,50.2083333,95.46669275,23.177,175
Greenwich 011,E02000322,2011,26.54639175,66.75042628,4.6,69.4470144,109.3286703,23.258,180
Greenwich 012,E02000323,2011,29.36507937,50.83967463,9.9,39.0294173,95.91044621,26.863,247
Greenwich 014,E02000324,2011,22.02380952,55.11145273,8.8,60.1093643,95.9149762,39.906,285
Greenwich 015,E02000325,2011,26.5625,57.54201255,8.5,58.2970699,88.87324082,25.334,163.5
Greenwich 016,E02000326,2011,19.26605505,65.21575278,6.4,67.6379066,107.9766619,50.673,335
Greenwich 017,E02000327,2011,24.08376963,55.5719713,10.6,47.5897436,93.50056684,30.249,190
Greenwich 019,E02000328,2011,25,65.66746603,2.9,81.6227672,103.5708912,29.502,235
Greenwich 020,E02000329,2011,21.3592233,59.19401013,5.3,64.0776699,87.02445113,40.914,231.25
Greenwich 021,E02000330,2011,26.08695652,62.17274472,6,66.7332244,104.4083908,59.305,392
Greenwich 022,E02000331,2011,23.11557789,60.01382409,6.9,64.7426893,99.5521482,32.861,219.25
Greenwich 023,E02000332,2011,17.55319149,64.40677966,4.9,68.537157,88.94010912,42.666,241
Greenwich 025,E02000333,2011,22.92490119,71.43453748,2.7,84.6386984,103.7680815,28.236,223.5
Greenwich 027,E02000334,2011,14.37125749,60.92146597,5.6,68.3258618,94.72625409,47.874,298.75
Greenwich 028,E02000335,2011,22.03389831,67.10908337,2.7,88.4257138,93.61213178,41.356,225
Greenwich 029,E02000336,2011,26.68918919,59.84771574,5.6,70.944077,98.75955133,25.484,182
Greenwich 030,E02000337,2011,25.97402597,58.0020562,6.3,80.0784215,107.9159671,29.421,210.5
Greenwich 031,E02000338,2011,20,59.84771574,5.6,70.944077,96.22621221,31.128,248.748
Greenwich 032,E02000339,2011,23.86363636,64.52205882,2.7,88.9949749,105.9730127,42.674,275
Greenwich 033,E02000340,2011,26.64092664,63.92865008,2.6,85.151117,90.3478209,27.111,174.5
Greenwich 034,E02000341,2011,24.21875,54.9687155,10.1,76.4675257,95.13130415,38.143,280
Greenwich 035,E02000342,2011,24.11347518,46.96076438,7.6,81.2955215,87.24665699,33.988,297.5
Greenwich 036,E02000343,2011,22,59.20889988,5.7,80.1498127,91.51088452,35.028,297.25
Greenwich 037,E02000344,2011,18.78787879,65.40598291,2.5,83.3881321,90.39952682,46.18,384
Greenwich 038,E02000345,2011,25.98039216,54.85356419,5.5,70.8078751,104.5925591,47.499,450
Hackney 001,E02000346,2011,22.60869565,47.84782609,11.2,43.3847669,109.7818425,35.371,250
Hackney 002,E02000347,2011,35.20408163,56.28014663,6.6,68.6400201,99.08270498,21.298,210
Hackney 003,E02000348,2011,22.54901961,51.99145133,9.4,56.8719212,103.2888847,34.478,308
Hackney 004,E02000349,2011,28.31325301,52.75373347,10.8,44.7476392,101.9166636,27.624,278
Hackney 006,E02000350,2011,20.43010753,66.66666667,4.3,59.5874553,105.5321212,40.001,297.475
Hackney 007,E02000351,2011,26.53061224,70.84604716,3.8,66.2560131,112.2438739,42.844,310
Hackney 008,E02000352,2011,22.75862069,63.95091531,6.3,66.8313236,103.2161393,39.069,337.5
Hackney 009,E02000353,2011,20.21276596,71.10576923,3.4,67.7369638,111.4522811,48.843,442.5
Hackney 010,E02000354,2011,25.77319588,57.07049966,8.6,45.7377394,107.6066049,27.155,250
Hackney 011,E02000355,2011,16.99029126,61.93394111,5.3,51.4319387,109.0909261,34.93,280
Hackney 012,E02000356,2011,11.70731707,71.55775465,3.6,71.3585625,104.9945676,49.507,340
Hackney 013,E02000357,2011,28.05755396,45.91884328,13.5,30.9197034,96.91847085,21.827,170
Hackney 014,E02000358,2011,27.54716981,64.30900708,6.8,54.8833424,107.1484184,32.389,305
Hackney 015,E02000359,2011,22.11981567,59.32372949,8.2,50.0987692,102.9075002,31.38,381.25
Hackney 016,E02000360,2011,28.49604222,57.35242342,9.8,40.4622742,114.1924311,26.104,250
Hackney 017,E02000361,2011,27.87878788,64.42432083,6.6,53.5078534,124.131375,29.405,278
Hackney 018,E02000362,2011,30.37383178,56.52538817,9.9,48.7977369,123.31123,26.824,245.75
Hackney 019,E02000363,2011,26.59793814,49.94756162,13.4,36.9847856,114.4055529,22.768,218
Hackney 020,E02000364,2011,19.92619926,66.26857381,5.2,63.2457426,112.110959,40.075,385
Hackney 021,E02000365,2011,25.94594595,67.76130606,4.4,62.7389533,115.982279,39.349,326.25
Hackney 022,E02000366,2011,26.77824268,58.13953488,8,58.7268029,112.5358247,30.988,346.225
Hackney 023,E02000367,2011,28.51239669,67.44542321,6.9,60.7535161,113.0974439,36.927,328.5
Hackney 024,E02000368,2011,26.1829653,55.06139154,10.1,46.1410443,108.1341719,25.23,277.5
Hackney 025,E02000369,2011,32.06896552,59.52850877,8.5,50.4312575,113.3120191,28.009,350
Hackney 026,E02000370,2011,24.01746725,57.30851388,8.9,52.4515119,113.7682887,27.749,322.5
Hackney 027,E02000371,2011,31.93277311,63.2471346,5.6,59.5116824,134.1177977,34.195,375.25
Hackney 028,E02000372,2011,25.3968254,56.64506839,9.6,49.9945504,116.9332416,26.026,224
Hackney 029,E02000373,2011,27.5862069,49.89325363,14.5,37.4136377,109.8851298,25.865,191.25
Hammersmith and Fulham 001,E02000374,2011,21.84300341,61.43854207,7.9,61.2984698,113.6889266,25.827,273.5
Hammersmith and Fulham 002,E02000375,2011,26.78571429,64.58777541,6.1,58.3238475,116.6388716,17.878,195
Hammersmith and Fulham 003,E02000376,2011,30.76923077,67.96671867,4.7,60.9689082,111.9658441,32.731,420
Hammersmith and Fulham 004,E02000377,2011,26,64.37998772,5.1,63.740972,112.0441214,29.898,344.975
Hammersmith and Fulham 005,E02000378,2011,29.48717949,71.12894401,3.4,69.3602694,121.9862891,32.699,321.25
Hammersmith and Fulham 006,E02000379,2011,20.1183432,66.72990686,5.1,69.5422767,104.4796261,32.832,332.5
Hammersmith and Fulham 007,E02000380,2011,19.19191919,68.33333333,3.4,73.3924612,109.3490959,35.737,300
Hammersmith and Fulham 008,E02000381,2011,17.56756757,70.63850371,3.3,75.6179197,108.0940545,39.83,423.8
Hammersmith and Fulham 009,E02000382,2011,20.56074766,66.32188664,5.2,68.8179017,119.9599632,48.753,650
Hammersmith and Fulham 010,E02000383,2011,22.34042553,62.48900063,2.8,61.2171332,123.7274434,48.241,557.5
Hammersmith and Fulham 011,E02000384,2011,16.15384615,60.76058773,6.1,63.6885246,137.7533359,39.484,495
Hammersmith and Fulham 012,E02000385,2011,31.25,73.87829246,1.8,74.4238883,120.3520337,38.029,390
Hammersmith and Fulham 013,E02000386,2011,22.16216216,58.97832817,7,57.5958702,115.7909886,30.691,364.7
Hammersmith and Fulham 014,E02000387,2011,18.51851852,61.90937258,5,64.2857143,110.8700036,46.867,424
Hammersmith and Fulham 015,E02000388,2011,26.08695652,69.09171076,3,73.7868812,111.3657232,28.812,380
Hammersmith and Fulham 016,E02000389,2011,22.48062016,66.94966646,2.2,79.5517868,104.3795411,31.949,405
Hammersmith and Fulham 017,E02000390,2011,19.1011236,65.7245827,4,75.6823821,106.009092,41.378,500
Hammersmith and Fulham 018,E02000391,2011,14.44444444,67.30546836,3,80.8642774,116.1085728,51.398,545
Hammersmith and Fulham 019,E02000392,2011,22.10526316,71.03038309,5.1,76.8532053,108.0834937,40.744,500
Hammersmith and Fulham 020,E02000393,2011,25.75757576,75.06615103,1.8,84.1485657,106.9127981,55.511,872.5
Hammersmith and Fulham 021,E02000394,2011,25.71428571,63.48178138,5.9,67.3629916,102.0355197,48.093,535
Hammersmith and Fulham 022,E02000395,2011,,73.07110439,1.8,86.0695681,102.9468445,58.68,543.5
Hammersmith and Fulham 023,E02000396,2011,27.81456954,66.60047657,5.2,75.3806724,104.1606816,41.594,468.75
Hammersmith and Fulham 024,E02000397,2011,,62.80884265,6.7,61.2284069,98.15285671,63.623,630.5
Hammersmith and Fulham 025,E02000398,2011,26.19047619,45.95514618,14.6,38.3125088,93.99527048,48.653,822.5
Haringey 001,E02000399,2011,21.6374269,48.2061447,15.1,39.8713386,100.2395916,26.564,271.5
Haringey 002,E02000400,2011,26.8115942,63.00984529,6.8,61.7762128,101.3859132,17.955,181
Haringey 004,E02000401,2011,20.92050209,49.90240729,13.6,49.9257499,101.6805277,31.884,362.5
Haringey 005,E02000402,2011,25.27881041,48.88840924,15.5,45.0948186,98.33564325,20.758,224.5
Haringey 006,E02000403,2011,28.52112676,64.25339367,6.1,62.3975552,101.6403978,19.793,215
Haringey 007,E02000404,2011,22.58064516,55.63328424,10,51.3465482,100.1924337,26.891,292
Haringey 008,E02000405,2011,24,71.34121484,2.9,80.9254734,95.59168052,22.827,250
Haringey 009,E02000406,2011,9.844559585,56.67978265,11.4,55.5587189,99.22930068,57.157,500
Haringey 010,E02000407,2011,34.85714286,51.66949632,11.2,41.5754923,106.4690307,23.564,250
Haringey 011,E02000408,2011,28.51239669,48.05314634,13.2,42.7745665,107.7452068,20.571,165
Haringey 012,E02000409,2011,28.04054054,50.76987099,10.7,45.5798989,99.0920814,18.993,212
Haringey 013,E02000410,2011,29.59641256,73.19727891,1.8,82.3546989,101.1094631,20.508,297
Haringey 014,E02000411,2011,7.142857143,51.12701252,11.5,42.3644659,100.9696845,54.023,399.95
Haringey 015,E02000412,2011,29.58199357,55.55146382,8.3,54.1220712,108.2320913,21.436,192
Haringey 016,E02000413,2011,27.15231788,68.63524513,4,79.2533333,94.14259123,23.403,235
Haringey 017,E02000414,2011,10.52631579,59.13059632,8.4,46.660159,99.51815064,53.922,450
Haringey 018,E02000415,2011,24.05660377,61.40808344,5.9,58.568298,103.2062897,24.501,242.25
Haringey 019,E02000416,2011,22.29299363,64.59117345,7.2,66.1281709,99.15508082,25.885,280
Haringey 020,E02000417,2011,19.23076923,74.09696736,2.3,83.2384661,97.88451526,29.314,250
Haringey 021,E02000418,2011,8.461538462,71.77033493,2.5,84.171356,100.1368631,55.576,395
Haringey 022,E02000419,2011,13.66906475,64.64339909,5.4,63.9368525,109.10714,56.458,600
Haringey 023,E02000420,2011,19.85294118,56.88927944,7.6,50.6324004,105.3904861,28.027,299
Haringey 024,E02000421,2011,31.2849162,52.71489048,11.1,43.648573,115.0270061,22.107,231
Haringey 025,E02000422,2011,26.1682243,55.00424809,8.4,48.0383387,106.1614924,20.809,170
Haringey 026,E02000423,2011,28.0334728,62.59707423,4.1,61.5587847,105.0934439,23.212,245
Haringey 027,E02000424,2011,26.53061224,70.49382716,4.3,73.3259239,97.7207079,27.068,305
Haringey 028,E02000425,2011,11.76470588,58.79982087,6.5,65.3941566,105.0334637,43.836,335.25
Haringey 029,E02000426,2011,23.66412214,70.26014978,2.9,77.9230426,100.1464379,27.751,350
Haringey 030,E02000427,2011,14.43298969,67.21514508,4.5,66.413773,106.6112246,56.561,490
Haringey 031,E02000428,2011,29.78723404,55.67751703,10.1,51.4098547,104.7033058,31.291,312.5
Haringey 032,E02000429,2011,33.1838565,74.89826119,1.3,82.7057793,98.10643652,21.8,244
Haringey 033,E02000430,2011,8,77.66306129,2,79.2908184,102.3105009,58.437,428.87
Haringey 034,E02000431,2011,13.28125,76.08814424,1.8,82.9020194,108.7880631,49.826,358.75
Haringey 035,E02000432,2011,13.04347826,71.68425019,4.5,72.4976759,106.0014209,57.1,427
Haringey 036,E02000433,2011,24.21875,64.75704292,2.4,60.1613323,82.82195448,40.224,312.5
Haringey 037,E02000434,2011,34.02777778,64.22883146,3.8,49.5109455,86.10565916,18.362,196.225
Harrow 001,E02000435,2011,13.67521368,59.10196445,5.7,52.962564,84.23396303,42.592,380
Harrow 002,E02000436,2011,20.81218274,66.74669868,1.2,56.6413006,80.60693503,37.464,300
Harrow 003,E02000437,2011,17.76649746,62.26009265,4.8,51.8443357,87.3424785,32.217,335
Harrow 004,E02000438,2011,21.23893805,60.3926513,5.4,54.6144121,88.21226024,53.828,467.5
Harrow 005,E02000439,2011,18.22222222,60.38260301,5.8,38.0940775,88.66556551,31.303,277.5
Harrow 006,E02000440,2011,24.50980392,64.17272339,3,42.2510189,87.78467396,31.02,250
Harrow 007,E02000441,2011,22.38095238,61.34401973,4.2,55.3768245,80.46751204,27.288,277.5
Harrow 008,E02000442,2011,16.94915254,60.94958243,5.1,25.6374914,89.17379633,40.271,373.125
Harrow 009,E02000443,2011,14,58.24208346,6.5,36.8532207,88.29767754,36.314,340
Harrow 010,E02000444,2011,22.99270073,61.35483871,4.9,27.4502883,89.78107669,27.563,279.25
Harrow 011,E02000445,2011,23.02631579,59.34591864,7.9,36.8195122,91.32719552,25.167,250
Harrow 012,E02000446,2011,18.53281853,62.36869016,3.1,27.1412445,88.41934751,31.025,298.5
Harrow 013,E02000447,2011,26.58227848,63.81135707,4,46.7271182,84.81660368,26.163,244
Harrow 015,E02000448,2011,19.42857143,67.8579164,2.4,69.7184159,85.29134919,37.288,365
Harrow 016,E02000449,2011,15.27777778,60.20541246,5.5,26.729753,91.68937686,52.401,607.5
Harrow 017,E02000450,2011,22.64150943,62.36869016,3.1,27.1412445,91.62360868,25.542,281.25
Harrow 019,E02000451,2011,15.38461538,65.14806378,1.4,46.3969466,86.08800705,46.46,363.7
Harrow 020,E02000452,2011,17.39130435,65.688275,4.2,41.5064493,90.58342163,30.72,229
Harrow 021,E02000453,2011,20.52631579,65.4555029,4.2,43.0971129,89.73462368,32.773,249.975
Harrow 022,E02000454,2011,13.33333333,66.12172543,2.1,57.2437165,84.11541878,52.216,395
Harrow 023,E02000455,2011,23.13432836,62.74695748,3.6,40.4179471,98.34904785,32.974,238
Harrow 024,E02000456,2011,20.67039106,64.94001143,4.4,46.0688483,90.75724282,33.547,316
Harrow 025,E02000457,2011,18.85714286,61.57377049,3.1,42.7304403,86.96153378,39.544,370
Harrow 027,E02000458,2011,27.61506276,62.86485574,3.2,30.5268341,85.39986776,27.463,242
Harrow 028,E02000459,2011,20.41666667,60.97765832,6.4,34.9969642,91.29674827,26.182,225.5
Harrow 029,E02000460,2011,22.34042553,56.71286271,7.5,31.0064437,87.95187563,44.52,316.5
Harrow 030,E02000461,2011,24.63054187,64.74246842,2.8,55.9090255,91.98129214,28.64,250
Harrow 031,E02000462,2011,19.25675676,60.82495812,3.9,32.509047,93.74030222,27.082,250
Harrow 032,E02000463,2011,18.27956989,59.9267765,6.8,37.1218413,89.59970001,31.919,290
Harrow 033,E02000464,2011,21.66666667,57.64519056,7.2,88.9939544,79.58761688,31.937,315
Havering 001,E02000465,2011,23.55371901,59.34479055,7.8,88.5624212,82.11184534,24.277,182
Havering 002,E02000466,2011,20.30651341,60.50890585,7.2,87.5950284,75.4953124,24.008,168
Havering 003,E02000467,2011,21.9330855,55.17652316,9.8,82.9721041,79.71804338,27.31,195
Havering 004,E02000468,2011,23.7037037,61.97233699,5.1,88.8332048,76.62351367,20.697,151.25
Havering 005,E02000469,2011,23.01886792,57.08305794,6.6,83.0048114,82.01473515,28.643,210
Havering 006,E02000470,2011,21.93877551,65.10748065,2.3,90.8964118,79.536952,24.428,170
Havering 007,E02000471,2011,15.97938144,63.97928994,2,92.3561754,82.56177585,34.987,226
Havering 008,E02000472,2011,12.32227488,66.23157248,2.9,89.1534097,84.04828957,39.31,265
Havering 009,E02000473,2011,17.24137931,67.83869116,2.2,88.7880684,82.09622864,31.628,210
Havering 010,E02000474,2011,20.77464789,64.95509236,5.8,86.8033082,84.24484535,38.06,245
Havering 011,E02000475,2011,21.57676349,67.52843847,3.5,88.8647238,83.19186731,28.355,198
Havering 012,E02000476,2011,22.16981132,64.97120921,6,79.4033753,94.20909974,43.163,300
Havering 013,E02000477,2011,20.63492063,67.19042814,1.8,91.0790598,81.90932558,28.459,168
Havering 014,E02000478,2011,16.66666667,62.57696693,1,74.902294,76.95588303,41.647,280
Havering 015,E02000479,2011,17.54385965,67.17606893,4.1,84.6201131,91.97751646,54.627,498.99
Havering 016,E02000480,2011,23.55555556,65.52211389,5.7,75.39561,85.93553987,30.327,207.25
Havering 017,E02000481,2011,19.12751678,64.62521135,2,95.3034775,80.51558831,29.113,205
Havering 018,E02000482,2011,20.24793388,64.09562472,1.4,94.0587867,76.93611558,36.741,241.5
Havering 019,E02000483,2011,16.66666667,65.6923639,2.7,93.5119517,80.8997639,52.543,340
Havering 020,E02000484,2011,16.26794258,67.73772631,2.2,90.2305159,81.46474758,31.36,240
Havering 021,E02000485,2011,20,67.13639527,2.7,92.2614576,78.56344258,35.932,225
Havering 022,E02000486,2011,20.48780488,66.40395894,2.4,91.1213684,79.4088288,37.126,249.995
Havering 023,E02000487,2011,18.75,64.49081505,0.9,96.1876833,77.27235454,33.601,230
Havering 024,E02000488,2011,11.85770751,66.10598662,2,93.1772305,78.19546698,53.482,422.5
Havering 025,E02000489,2011,17.31843575,63.7157325,4.8,84.6905124,80.32220017,37.383,245
Havering 026,E02000490,2011,20.73170732,63.38130807,4.1,87.5319366,81.10836122,28.682,203
Havering 027,E02000491,2011,26.19047619,59.63361723,7,81.8037616,87.4323583,27.852,200
Havering 028,E02000492,2011,22.36421725,62.80369813,2.4,90.9279337,81.34711906,25.302,185
Havering 029,E02000493,2011,22.98136646,63.05861217,7.8,77.6811594,88.15661936,30.67,222.5
Havering 030,E02000494,2011,24.66960352,63.87120247,1.9,60.2219548,75.86576659,26.132,180
Hillingdon 001,E02000495,2011,13.54166667,66.1637931,3.2,68.5738414,81.04076716,57.662,504.375
Hillingdon 002,E02000496,2011,19.33962264,67.76253992,3.7,87.5253413,74.14095218,41.752,288.093
Hillingdon 003,E02000497,2011,18.5,66.05459864,3,73.0918044,81.12638629,32.493,243
Hillingdon 004,E02000498,2011,17.55102041,67.48395967,2.5,85.9800664,77.66682086,42.381,287.25
Hillingdon 005,E02000499,2011,13.77245509,67.40311481,1.6,76.8963297,83.54051033,41.271,337.25
Hillingdon 006,E02000500,2011,12.17391304,68.28793774,1.4,81.7345087,81.83263484,49.461,362
Hillingdon 007,E02000501,2011,11.16751269,69.46127946,2.9,81.1931611,82.24151895,52.042,425
Hillingdon 008,E02000502,2011,17.39130435,72.52384446,3,78.6943386,85.06703354,43.19,317.75
Hillingdon 009,E02000503,2011,15.55555556,74.03860542,2.1,83.2405965,86.26016447,41.262,270
Hillingdon 010,E02000504,2011,16.4983165,66.76982592,1.2,82.4031428,83.29927948,42.318,275
Hillingdon 011,E02000505,2011,9.708737864,67.55962104,4.3,72.1023939,89.56135428,52.514,380
Hillingdon 013,E02000506,2011,16.58536585,65.41905444,1.6,67.9352871,85.80246294,52.483,366
Hillingdon 014,E02000507,2011,19.03225806,67.80797741,4.5,68.7020018,87.23570161,33.554,249.95
Hillingdon 015,E02000508,2011,17.41573034,45.03766354,3.1,64.8083624,85.9702004,33.873,205
Hillingdon 016,E02000509,2011,20.37914692,39.7670141,5.1,57.742034,84.85653039,28.188,206.25
Hillingdon 017,E02000510,2011,16.42335766,61.32119881,4.8,64.3154969,87.49571397,33.57,261.25
Hillingdon 018,E02000511,2011,20.21276596,62.98253339,5.1,57.6702737,84.28546855,29.515,248
Hillingdon 019,E02000512,2011,19.26910299,57.01708959,8,59.3050869,86.62676304,26.571,217.5
Hillingdon 020,E02000513,2011,24.78134111,58.63192182,11.3,44.0200445,88.2968523,24.201,202.5
Hillingdon 021,E02000514,2011,26.4781491,58.69319785,6.5,28.6761711,89.12118096,26.109,218.5
Hillingdon 022,E02000515,2011,20.20905923,58.65021405,6.5,69.5660504,87.66196852,26.882,198.975
Hillingdon 023,E02000516,2011,24.83660131,60.57257659,8.4,32.9423147,92.5119534,27.962,232
Hillingdon 024,E02000517,2011,22.28412256,56.72649432,8.9,43.763042,89.52153618,24.715,213.5
Hillingdon 025,E02000518,2011,26.47975078,58.93174117,7.5,67.789914,93.12933524,26.127,243.5
Hillingdon 026,E02000519,2011,22.05882353,55.56632735,9.1,36.994687,95.94411451,24.418,235
Hillingdon 027,E02000520,2011,25,56.5447605,9.2,36.6278553,102.1010364,25.017,250
Hillingdon 028,E02000521,2011,19.95073892,60.24130997,8.7,51.5738499,101.640763,25.499,210
Hillingdon 029,E02000522,2011,23.35766423,63.04849885,8.7,66.2891483,99.64101182,27.941,235
Hillingdon 030,E02000523,2011,23.11557789,59.7829233,8,27.7501038,111.4493862,25.663,178.25
Hillingdon 031,E02000524,2011,28,65.12175962,5.6,60.0480264,109.7419518,27.894,247.5
Hillingdon 032,E02000525,2011,23.15436242,62.34538907,7.3,38.3639248,105.7055805,25.4,199.975
Hillingdon 033,E02000526,2011,18.6770428,71.85619503,2,83.2895679,112.594871,33.969,255
Hounslow 001,E02000527,2011,10.25641026,73.52455324,2.2,75.6582867,112.073772,61.765,637.5
Hounslow 003,E02000528,2011,25.08591065,62.75238449,7.7,62.6530997,105.1203376,28.059,270
Hounslow 004,E02000529,2011,26.75585284,57.49880211,7.5,22.5970644,102.3147483,26.43,225
Hounslow 005,E02000530,2011,23.34801762,50.23784902,11.7,26.8831359,104.5892775,20.703,180
Hounslow 006,E02000531,2011,18.5520362,62.65975404,3.6,71.722937,101.3340961,35.461,290
Hounslow 007,E02000532,2011,18.42105263,67.94092094,3.7,78.4279476,100.9677543,54.622,644.975
Hounslow 008,E02000533,2011,13.28671329,71.02847363,3.1,81.2871758,105.1452382,53.134,490
Hounslow 009,E02000534,2011,14.51612903,69.16449935,3.5,47.1780209,96.18418756,43.836,350
Hounslow 010,E02000535,2011,25.75757576,60.55164488,5.3,20.1162415,100.1819544,28.69,285
Hounslow 011,E02000536,2011,24.51612903,59.3433613,5.7,23.4437372,99.78593146,29.957,281.25
Hounslow 012,E02000537,2011,23.11557789,62.52430088,3.1,27.6914153,94.8913397,38.899,267.25
Hounslow 013,E02000538,2011,27.62237762,58.39718051,6.6,21.9239631,100.8278672,25.822,249.999
Hounslow 014,E02000539,2011,22.44318182,68.06407208,5.6,64.7042411,96.58093409,32.736,250
Hounslow 015,E02000540,2011,18.8,62.4910727,4,45.5332035,94.96683083,31.659,245
Hounslow 016,E02000541,2011,26.64359862,56.81172424,6.3,26.2197183,96.40747401,24.661,250
Hounslow 017,E02000542,2011,28.69822485,58.99026936,5.9,27.3839932,99.50797753,26.621,235
Hounslow 018,E02000543,2011,21.01910828,63.4383378,5,34.2354649,97.57032325,29.967,227.95
Hounslow 019,E02000544,2011,16.2601626,65.11400651,2.6,51.2135626,90.92215245,35.406,270
Hounslow 020,E02000545,2011,22,62.77299801,7.5,63.4641242,93.65627319,28.905,275
Hounslow 021,E02000546,2011,25.4691689,59.71372985,7.4,24.4717949,88.76370773,27.462,203
Hounslow 022,E02000547,2011,29.47019868,64.40332216,6.2,60.2457265,96.19484366,27.52,209
Hounslow 023,E02000548,2011,25.59726962,64.80489671,7.1,67.2964957,90.49819157,25.661,186
Hounslow 024,E02000549,2011,23.86706949,64.06308208,4.9,62.7484796,91.15834892,27.912,230
Hounslow 025,E02000550,2011,23.29842932,64.99665104,8.2,61.4245891,88.23293857,26.789,197
Hounslow 026,E02000551,2011,28.61356932,58.60480421,9.7,63.8263292,90.47916029,23.525,182.5
Hounslow 027,E02000552,2011,29.3877551,69.08822565,5.6,71.7517542,85.36806718,29.89,210
Hounslow 028,E02000553,2011,23,64.13202423,6.3,73.7471612,88.43657173,29.235,229
Hounslow 029,E02000554,2011,17.59259259,57.80191874,9.1,60.5641472,105.1384948,49.372,348
Islington 001,E02000555,2011,24.89626556,62.10670315,7.5,68.0697279,107.1210197,29.939,315
Islington 002,E02000556,2011,16.29955947,65.86818915,5.9,66.2270184,106.4287561,34.751,375.1
Islington 003,E02000557,2011,26.80412371,63.2078407,6,68.5745938,115.0454856,33.947,335
Islington 004,E02000558,2011,15.67567568,51.43570537,11.7,48.1397971,113.5314674,33.058,327.5
Islington 005,E02000559,2011,25.8302583,72.1147153,4.3,72.556391,109.2412203,24.328,250
Islington 006,E02000560,2011,14.20118343,62.87145242,4.4,68.1882419,118.805448,50.298,420
Islington 007,E02000561,2011,24.7311828,66.1913815,3.5,78.5179447,103.468686,34.339,315
Islington 008,E02000562,2011,11.19402985,64.58162764,6.2,70.5192841,106.6134374,51.282,406
Islington 009,E02000563,2011,18.6440678,56.77177177,8.2,65.8142823,110.6376358,39.231,425
Islington 010,E02000564,2011,28.18181818,67.71894094,5.7,66.5713196,113.3837723,28.943,310.75
Islington 011,E02000565,2011,21.15384615,60.11486918,9.9,62.1717357,112.4087639,35.798,374.75
Islington 012,E02000566,2011,27.11111111,71.26315789,3.5,77.278295,110.9520622,31.968,335
Islington 013,E02000567,2011,21.52777778,67.91430978,7.1,72.4464182,117.3799407,54.049,450
Islington 014,E02000568,2011,18.51851852,47.73673257,9,62.0467532,112.1854831,39.37,415
Islington 015,E02000569,2011,30.39647577,63.63868987,7.7,72.3707843,119.6393208,26.749,323
Islington 016,E02000570,2011,28.78787879,71.82688306,3.7,81.2652351,109.3832297,37.454,425
Islington 017,E02000571,2011,20.53571429,61.61982949,8,71.4979455,114.6887138,57.788,486.5
Islington 018,E02000572,2011,17.20430108,48.33641405,10.3,55.5594446,116.3207733,33.626,375
Islington 019,E02000573,2011,21.51898734,70.03858875,3.3,79.5250173,128.0792382,26.101,289.5
Islington 020,E02000574,2011,24.74226804,59.34173669,4.7,69.0271733,130.1777892,55.292,555
Islington 021,E02000575,2011,22.52252252,56.68464934,4.6,69.1058962,132.7733018,39.035,455
Islington 022,E02000576,2011,21.42857143,55.01281878,7.3,64.2096293,126.0863795,39.53,446.5
Islington 023,E02000577,2011,23.5042735,50.58344138,10.1,43.8255313,135.2076166,31.459,441.6
Kensington and Chelsea 001,E02000578,2011,19.92481203,50.8490566,11,55.5191445,124.6864712,19.212,320
Kensington and Chelsea 002,E02000579,2011,25,63.25830973,5.6,68.86026,128.006683,22.217,500
Kensington and Chelsea 003,E02000580,2011,16.66666667,63.79382595,4.9,63.2351242,127.4701375,33.332,497
Kensington and Chelsea 004,E02000581,2011,23.1884058,51.12629247,8.6,54.0147986,114.842252,31.279,550
Kensington and Chelsea 005,E02000582,2011,28.06324111,69.54983923,2.2,77.9344562,117.8924043,22.851,439
Kensington and Chelsea 006,E02000583,2011,,67.41280583,2.8,79.8438998,117.0841044,51.238,825
Kensington and Chelsea 007,E02000584,2011,21.42857143,68.02101035,1.6,78.6255808,119.579063,53.955,670
Kensington and Chelsea 008,E02000585,2011,21.56862745,63.507109,4.2,67.3902672,118.1217364,67.5,1100
Kensington and Chelsea 009,E02000586,2011,15.625,62.62658737,1.5,72.9566225,121.3792252,45.776,755
Kensington and Chelsea 010,E02000587,2011,,63.09564621,2.7,73.7604679,126.886614,70.752,1115
Kensington and Chelsea 011,E02000588,2011,23.52941176,66.80077485,1.1,79.2989337,136.4781839,64.001,925
Kensington and Chelsea 012,E02000589,2011,,59.63677319,2.1,64.8270962,127.0845003,73.363,1423.7
Kensington and Chelsea 013,E02000590,2011,16.39344262,59.72793986,3.3,71.1760513,132.4030306,46.123,827.5
Kensington and Chelsea 014,E02000591,2011,18.91891892,61.12968503,3.5,59.5213473,146.5491967,37.693,784.453
Kensington and Chelsea 015,E02000592,2011,18.86792453,67.98613645,1.1,79.2782133,128.532282,34.182,550
Kensington and Chelsea 016,E02000593,2011,,68.37756237,2.5,75.0786988,125.1965973,66.163,1100
Kensington and Chelsea 017,E02000594,2011,22.58064516,67.35241503,1.9,84.6249311,121.0934925,42.447,582.5
Kensington and Chelsea 018,E02000595,2011,,66.02042583,1.9,82.867276,124.4594158,62.35,895
Kensington and Chelsea 019,E02000596,2011,,64.24870466,1.7,81.9583655,120.6367651,58.246,975
Kensington and Chelsea 020,E02000597,2011,,57.25952813,6.2,63.9270687,126.5886853,57.412,747.5
Kensington and Chelsea 021,E02000598,2011,21.58273381,69.68085106,2,82.2125813,90.06868406,31.662,630
Kingston upon Thames 001,E02000599,2011,11.72413793,54.37312312,2.3,63.6863824,91.75689371,52.265,440
Kingston upon Thames 002,E02000600,2011,15.96638655,62.65492498,4,71.8784195,94.53357904,61.278,750
Kingston upon Thames 003,E02000601,2011,18.84057971,67.91248861,3.1,78.8260159,90.55475304,38.613,287.5
Kingston upon Thames 004,E02000602,2011,12.42038217,57.11171662,4.5,71.4057508,101.7106041,45.98,343.75
Kingston upon Thames 005,E02000603,2011,22.05882353,59.75609756,6,63.6386768,90.84601278,30.366,299
Kingston upon Thames 006,E02000604,2011,15.65836299,66.1818763,3.2,63.5918938,92.2049725,30.913,265
Kingston upon Thames 007,E02000605,2011,14.33691756,65.36039188,2.6,69.3501208,89.4591853,38.939,325
Kingston upon Thames 008,E02000606,2011,10.4,61.95972206,1.8,76.5805877,101.4699139,39.492,330
Kingston upon Thames 009,E02000607,2011,18.69918699,57.01110484,1.8,82.9550447,88.64396173,38.805,285
Kingston upon Thames 010,E02000608,2011,10.14492754,64.01694915,2,77.992278,91.79265853,44.038,361
Kingston upon Thames 011,E02000609,2011,,61.40616141,4.2,59.3115504,97.50240292,39.71,285
Kingston upon Thames 012,E02000610,2011,16.96428571,67.37779271,2.7,79.4861712,91.13260765,36.961,355
Kingston upon Thames 013,E02000611,2011,,66.29876308,1.3,77.6835772,90.20857533,36.219,250
Kingston upon Thames 014,E02000612,2011,12.23628692,67.12375148,2.1,72.7578475,90.59853607,47.534,385
Kingston upon Thames 015,E02000613,2011,14.83050847,69.24284717,2.9,80.9335544,91.56735622,44.028,368
Kingston upon Thames 016,E02000614,2011,10.96491228,65.74495771,3.9,64.7072822,91.53554865,40.639,270
Kingston upon Thames 017,E02000615,2011,21.42857143,68.93453145,2.5,83.2017133,90.75232262,32.056,250
Kingston upon Thames 018,E02000616,2011,21.95121951,72.2956327,2.8,88.3767203,82.34077174,34.123,250
Kingston upon Thames 019,E02000617,2011,24.43181818,66.9825192,5.3,84.6081762,80.49392484,34.817,240.5
Kingston upon Thames 020,E02000618,2011,24.73867596,60.56398511,2.9,59.7574558,129.8589706,32.593,250
Lambeth 002,E02000619,2011,23.19587629,60.32324513,7.2,52.7439781,116.7482224,29.386,291.5
Lambeth 003,E02000620,2011,25,68.47621607,6.2,58.9220918,123.5789939,34.405,380
Lambeth 004,E02000621,2011,24.65116279,68.99046744,4.8,62.6905744,126.2970191,35.63,390
Lambeth 005,E02000622,2011,27.48538012,69.03903904,5,60.3286385,121.3370154,32.977,320
Lambeth 006,E02000623,2011,26.10294118,61.67400881,7.8,53.3416771,112.3479127,27.074,248.75
Lambeth 007,E02000624,2011,29.12621359,62.54948535,7.3,48.4202608,112.0854997,29.188,320
Lambeth 008,E02000625,2011,25.60553633,61.03160874,9.8,49.0850377,112.0580244,25.765,230
Lambeth 009,E02000626,2011,25.17241379,54.72595996,10.8,35.2849054,105.5762933,23.853,217.5
Lambeth 010,E02000627,2011,28.14070352,69.14123125,6.8,56.5980566,112.6637175,31.947,320
Lambeth 011,E02000628,2011,26.81388013,58.0762987,9.1,39.1737745,121.660613,24.224,229.975
Lambeth 012,E02000629,2011,23.48484848,75.33219313,4,70.5634894,113.8221935,44.707,359.475
Lambeth 013,E02000630,2011,23.80952381,76.26724281,3.5,74.3462703,115.8277124,49.115,382.5
Lambeth 014,E02000631,2011,15.66820276,68.87244232,4.6,62.7377717,106.5480624,41.162,316.35
Lambeth 015,E02000632,2011,33.01886792,79.3735858,3.3,70.334174,110.1818881,46.532,350
Lambeth 016,E02000633,2011,26.31578947,65.03660322,7.4,49.9884286,117.8197599,29.849,286
Lambeth 017,E02000634,2011,26.71232877,69.81508339,6.4,60.7361963,113.637799,33.491,319.25
Lambeth 018,E02000635,2011,24.01960784,69.29741438,5.7,53.9914819,106.1166295,35.959,340
Lambeth 019,E02000636,2011,23.17073171,78.40612777,2.9,81.6860846,104.393385,63.954,491.25
Lambeth 020,E02000637,2011,22.85714286,74.0797333,4.1,63.2439277,104.6761645,40.092,288
Lambeth 021,E02000638,2011,21.63265306,65.37175199,6.8,53.4350374,107.3106699,30.334,250
Lambeth 022,E02000639,2011,27.83505155,61.15865701,9.4,44.2788521,110.090131,25.58,180
Lambeth 023,E02000640,2011,23.86363636,74.77691021,4.3,71.6211772,103.350617,48.571,425
Lambeth 024,E02000641,2011,26.34560907,57.74311635,11.2,38.2503702,101.379783,25.091,211
Lambeth 025,E02000642,2011,17.41071429,66.63428175,6.1,62.1312838,105.0942824,38.077,310
Lambeth 026,E02000643,2011,19.59798995,70.48594939,5,62.5044808,103.4516761,36.505,290
Lambeth 027,E02000644,2011,18.50220264,68.66788879,5,59.1067285,100.2238914,37.582,270
Lambeth 028,E02000645,2011,24.57142857,69.10473961,5.5,61.4634146,99.97989732,38.644,269.375
Lambeth 029,E02000646,2011,19.85815603,72.07915424,3.1,63.91843,103.2231284,39.731,248.5
Lambeth 030,E02000647,2011,22,66.64558963,4.8,58.4698809,96.37326648,38.576,290
Lambeth 031,E02000648,2011,25.3164557,56.81094248,11.5,44.4743935,96.70583908,25.906,191
Lambeth 032,E02000649,2011,23.18181818,69.84235001,5.3,60.1198462,105.7829505,32.375,230
Lambeth 033,E02000650,2011,25.61576355,63.75718391,7.5,56.1287716,97.26226318,30.612,239.25
Lambeth 034,E02000651,2011,19.17098446,66.11255147,4.8,54.8015365,97.98257328,35.646,247.25
Lambeth 035,E02000652,2011,25.38461538,61.34010917,7.2,40.3911449,96.43498066,29.44,245
Lambeth 036,E02000653,2011,21.10091743,60.68362968,9.1,43.7851124,101.5282024,41.247,423.75
Lewisham 001,E02000654,2011,28.16901408,53.52403929,12.2,34.0488894,102.9163319,27.644,246
Lewisham 002,E02000655,2011,25.87412587,58.84402217,7.8,42.665692,102.9996387,22.331,147
Lewisham 003,E02000656,2011,27.63157895,54.86786019,8.2,37.6258612,111.5528281,27.406,245.5
Lewisham 005,E02000657,2011,27.18446602,58.19848975,5.2,52.8971139,115.5605141,29.941,250
Lewisham 006,E02000658,2011,24.13793103,61.29081477,5.7,56.1342314,109.9505055,31.93,247.5
Lewisham 007,E02000659,2011,21.08433735,65.0008646,6,63.9469923,103.1216879,42.996,350
Lewisham 008,E02000660,2011,23.71794872,68.96811071,4,61.4137163,105.1387022,37.996,250
Lewisham 009,E02000661,2011,25,72.05284553,2.5,76.8684957,104.0943713,52.571,335
Lewisham 010,E02000662,2011,22.72727273,64.0731155,6.4,44.8765432,100.8054082,30.526,234.5
Lewisham 011,E02000663,2011,28.66242038,60.43500777,3.8,54.058938,99.24694438,37.61,267.5
Lewisham 012,E02000664,2011,24.89270386,61.55255924,7.6,46.7767929,108.2789299,28.314,190
Lewisham 013,E02000665,2011,22.09302326,68.81845337,3.9,66.3845376,95.80018807,40.117,285
Lewisham 014,E02000666,2011,23.07692308,64.02838428,5.3,55.2110367,100.6376533,36.878,298.5
Lewisham 015,E02000667,2011,19.49685535,67.26286174,3.3,58.1267218,102.6781195,44.291,305
Lewisham 016,E02000668,2011,15.6424581,68.08767344,4.1,66.2460568,95.66776667,44.583,275
Lewisham 017,E02000669,2011,25.80645161,65.08715519,5.7,50.6251663,100.504399,34.634,218.75
Lewisham 018,E02000670,2011,19.42857143,59.06111229,8.6,38.3239027,101.6737996,28.609,191
Lewisham 019,E02000671,2011,19.68911917,68.39975093,4.8,62.2158753,100.3528357,39.951,253
Lewisham 020,E02000672,2011,20.56074766,59.55128205,6.1,42.9389996,103.665335,29.359,209.5
Lewisham 021,E02000673,2011,15.56603774,71.80082988,3.9,65.8174098,99.93822892,47.199,248.5
Lewisham 022,E02000674,2011,25,63.47008547,5.4,44.2545228,94.03371783,35.614,220
Lewisham 023,E02000675,2011,24.01746725,66.49197511,4.6,63.920039,94.06305867,38.149,245
Lewisham 024,E02000676,2011,22.89719626,69.57567428,5.3,58.8227668,97.3760291,40.798,255
Lewisham 025,E02000677,2011,19.49152542,61.3477191,4.3,43.3671343,92.60182278,37.4,269.5
Lewisham 026,E02000678,2011,25.92592593,60.0387503,8.9,51.9960572,92.82091407,27.726,152.45
Lewisham 027,E02000679,2011,25,64.68979662,7.7,56.2555345,94.10232711,31.618,257.5
Lewisham 028,E02000680,2011,29.16666667,62.4572004,7.3,57.0468818,97.94495888,31.162,235
Lewisham 029,E02000681,2011,27.96934866,59.85020031,7.5,49.9752903,94.90043922,27.825,220
Lewisham 030,E02000682,2011,24.20212766,56.82511211,9.5,47.6598873,91.84371945,27.822,235
Lewisham 031,E02000683,2011,24.41314554,57.18667835,9,60.7386716,89.94100403,27.293,185
Lewisham 033,E02000684,2011,27.84313725,56.69826876,11.6,58.9067703,92.44317228,31.133,248.5
Lewisham 034,E02000685,2011,28.38983051,63.11739442,6.9,57.064722,96.52226983,24.278,182
Lewisham 035,E02000686,2011,27.04081633,56.43370346,11.9,47.1336626,92.19145859,33.71,245
Lewisham 037,E02000687,2011,30.72289157,61.13441853,5.6,59.3615948,95.02212802,25.647,180
Lewisham 038,E02000688,2011,21.6730038,56.24756715,7.3,57.7931784,90.54656297,26.52,192.5
Lewisham 039,E02000689,2011,27.31277533,74.17582418,2.7,80.0557036,97.37518988,24.448,206.25
Merton 001,E02000690,2011,10.48951049,61.58335448,1.9,83.2036775,89.98719128,53.118,582
Merton 002,E02000691,2011,,74.66063348,2,78.7155713,98.27326797,74.567,1150
Merton 003,E02000692,2011,14.28571429,73.05096186,1.3,79.9921691,96.68180811,52.103,400
Merton 004,E02000693,2011,,74.24025042,1.9,65.3657473,100.2213174,58.994,450
Merton 005,E02000694,2011,13.2231405,76.2672136,2.2,76.9415808,99.05419981,33.267,240
Merton 006,E02000695,2011,19.04761905,62.5,3.6,39.9300109,94.5413078,44.578,392
Merton 007,E02000696,2011,26.1682243,65.77946768,4.8,53.3572844,94.3534118,28.765,250
Merton 008,E02000697,2011,24.43438914,78.00811176,1.4,77.6317391,101.9150409,27.521,214
Merton 009,E02000698,2011,13.46153846,69.41556113,1.7,82.1519959,92.88859578,51.419,445
Merton 010,E02000699,2011,8.8,75.88759886,1.3,82.2083496,96.63215217,60.656,581
Merton 011,E02000700,2011,5.633802817,63.52152215,6,57.0205066,95.78180534,50.391,380
Merton 012,E02000701,2011,22.44897959,60.56108302,6.2,41.8488593,100.8215323,24.652,205
Merton 013,E02000702,2011,27.30496454,60.95444685,6.8,47.4731605,96.15328802,26.044,225
Merton 014,E02000703,2011,30.54545455,67.26890019,1.9,72.1916933,95.33574586,25.072,215.875
Merton 015,E02000704,2011,10.89108911,72.98467688,2.5,76.1301989,97.21333716,48.127,421
Merton 016,E02000705,2011,20.73170732,61.99132755,4.2,40.8173314,93.06977621,35.296,265
Merton 017,E02000706,2011,19.7761194,59.00723208,7.9,46.8332365,96.22225355,28.928,230
Merton 018,E02000707,2011,23.17460317,58.99335233,8.3,41.651082,92.05258253,21.634,188
Merton 019,E02000708,2011,26.3322884,68.69436202,2.6,69.0079652,93.5874788,24.319,210
Merton 020,E02000709,2011,18.32061069,66.67838313,1.6,75.8602779,89.26264278,39.604,318.75
Merton 021,E02000710,2011,20.09345794,60.42467815,4.7,59.0707168,94.37615611,37.323,315.25
Merton 022,E02000711,2011,25.89641434,61.54753877,5.8,59.7450355,98.55462735,26.763,210
Merton 023,E02000712,2011,23.50877193,61.84570784,5.8,66.494431,90.84124143,25.53,209.995
Merton 024,E02000713,2011,21.47239264,69.93607306,2.1,78.9052069,88.32418568,26.216,220
Merton 025,E02000714,2011,18.61471861,56.70995671,8.2,31.206197,97.81579737,31.905,250
Newham 001,E02000715,2011,23.42007435,44.52866861,11,18.1140767,102.6703859,28.633,212.25
Newham 002,E02000716,2011,26.66666667,48.37988827,8.3,23.8373674,94.36471502,23.021,190
Newham 003,E02000717,2011,24.79338843,45.41907024,9.1,15.6277003,101.7316449,27.096,209.5
Newham 004,E02000718,2011,25.83333333,44.40069991,13.3,17.2852133,105.4259058,23.822,200
Newham 005,E02000719,2011,27.35294118,54.39724095,5.9,35.8081792,98.00270883,22.608,175
Newham 006,E02000720,2011,28.15533981,50.09630538,5.9,22.0366163,99.29532763,25.917,225
Newham 007,E02000721,2011,27.36318408,43.48603659,8,15.4578376,99.66453081,30.288,243.25
Newham 008,E02000722,2011,24.43181818,58.33333333,6.3,40.2261123,104.6626777,24.161,175
Newham 009,E02000723,2011,28.87700535,46.3657898,6.6,8.4339623,96.43028024,31.474,235
Newham 010,E02000724,2011,25.21489971,44.9869603,7.6,11.8534254,94.79863206,25.981,233
Newham 011,E02000725,2011,24.45652174,60.80841185,5.1,41.5727805,113.4463487,24.503,210
Newham 012,E02000726,2011,21.92513369,61.59140969,5,39.9347728,102.6581044,31.296,226
Newham 013,E02000727,2011,23.77622378,45.54251269,6.5,9.6447923,101.5027291,33.016,233
Newham 014,E02000728,2011,26.64092664,49.09776903,7.1,14.5739638,101.4737598,25.043,215
Newham 015,E02000729,2011,23.89078498,54.60649012,6.6,29.6468927,97.26106356,26.063,235
Newham 016,E02000730,2011,18.22429907,44.68054351,6.7,10.7317616,98.34888583,29.191,249.95
Newham 017,E02000731,2011,18.65079365,47.84272331,6.4,14.9607863,104.2209171,24.843,240
Newham 018,E02000732,2011,25.58139535,44.05245659,11.3,16.8913561,96.32018767,25.65,220
Newham 019,E02000733,2011,26.55737705,52.95658167,9.6,32.7045315,104.9615694,21.594,212.5
Newham 020,E02000734,2011,29.06976744,51.49614764,8.7,30.8688825,101.6277287,24.789,221.5
Newham 021,E02000735,2011,25.18796992,47.7054429,9.1,21.6037985,97.48123757,24.484,192.5
Newham 022,E02000736,2011,21.99170124,47.41641337,10.8,24.7695718,112.618407,23.621,195
Newham 023,E02000737,2011,25.88832487,52.21951961,9.1,29.7222811,96.49308757,24.351,208
Newham 024,E02000738,2011,25.64705882,52.82397497,6.8,27.1052321,97.34952238,25.856,195
Newham 025,E02000739,2011,29.50819672,53.67461703,8.7,31.3751088,102.4931858,29.658,223.35
Newham 026,E02000740,2011,29.25764192,52.60980894,9.2,38.1767222,97.58249851,24.388,220
Newham 027,E02000741,2011,28.16326531,53.38753388,9.3,33.5673647,100.6132878,23.991,215.75
Newham 028,E02000742,2011,26.95035461,52.88266716,10.2,32.4547158,110.9135334,25.535,195
Newham 029,E02000743,2011,27.08933718,49.77192982,10.3,38.0371218,111.289887,25.06,203
Newham 030,E02000744,2011,31.59609121,53.5925026,10.5,44.5510026,121.9352102,21.991,168.5
Newham 031,E02000745,2011,30.47945205,57.93205805,7.7,42.4517872,115.1104229,23.901,167.5
Newham 032,E02000746,2011,23.48993289,50.97969991,8.5,42.1836901,95.79201542,27.662,218.5
Newham 033,E02000747,2011,22.42152466,60.51660517,6.5,46.2239339,107.0757204,29.254,250
Newham 034,E02000748,2011,25.0755287,57.70139635,7.7,53.5096154,98.17497487,31.483,219
Newham 035,E02000749,2011,20.41884817,52.78829604,10.6,46.5843823,100.8441464,31.588,190
Newham 036,E02000750,2011,28.78338279,65.97239041,7.3,45.9125386,94.96760611,23.579,180
Newham 037,E02000751,2011,31.35313531,67.56792754,1.2,78.8620226,88.09821742,38.977,242
Redbridge 001,E02000752,2011,12.31527094,56.92340067,8.1,70.7410125,79.39155876,56.235,398.5
Redbridge 002,E02000753,2011,29.88929889,59.96712843,7.5,69.582926,81.77550203,24.579,205
Redbridge 003,E02000754,2011,21.99170124,66.16257089,4.7,71.2111801,87.79681711,27.84,217
Redbridge 004,E02000755,2011,16.36363636,65.28861154,4.4,72.7098505,96.59701352,36.759,293.25
Redbridge 005,E02000756,2011,20.13422819,63.85113269,5.4,65.0593824,84.62255788,32.866,250
Redbridge 006,E02000757,2011,26.47058824,73.12866506,2.2,73.4716916,103.1701699,32.923,249.995
Redbridge 007,E02000758,2011,15.60283688,58.58585859,5.5,48.8997144,87.97082969,47.725,270
Redbridge 008,E02000759,2011,27.23214286,67.22488038,4.4,62.8030555,109.3753541,31.201,266.875
Redbridge 009,E02000760,2011,21.28146453,59.70551638,6.9,53.715682,88.18300917,38.454,302
Redbridge 010,E02000761,2011,25.51724138,60.49697356,3.2,28.9932785,92.17502008,29.907,270
Redbridge 012,E02000762,2011,25.5,59.55866288,2.5,37.5198728,93.78330396,40.869,282.5
Redbridge 013,E02000763,2011,21.24542125,61.00346726,5.5,39.7950346,82.45611307,31.475,244.5
Redbridge 014,E02000764,2011,13.79310345,70.91444092,1.8,69.8019385,97.96527671,48.028,262.5
Redbridge 015,E02000765,2011,17.93721973,59.98219452,4.4,34.0085457,95.32094043,35.88,282.5
Redbridge 017,E02000766,2011,21.62162162,60.49697356,3.2,28.9932785,98.0809917,33.318,270
Redbridge 018,E02000767,2011,22.58064516,60.43138713,4.8,37.6969538,92.60947007,52.445,417.5
Redbridge 019,E02000768,2011,27.38738739,68.66859624,2.1,69.6819788,104.2415481,30.912,230
Redbridge 020,E02000769,2011,19.61852861,62.23613776,7.7,43.1016343,88.62779597,29.862,250
Redbridge 022,E02000770,2011,25.30487805,56.72149745,6.1,24.8743719,92.42288858,29.724,269
Redbridge 023,E02000771,2011,24.7113164,55.75032065,4.9,24.600939,95.49909049,30.462,258.75
Redbridge 024,E02000772,2011,27,55.40807175,8.2,26.818525,89.19683993,26.991,245
Redbridge 026,E02000773,2011,23.30508475,56.23659209,7.7,21.0154381,95.45118111,30.601,255
Redbridge 027,E02000774,2011,15.95744681,51.281078,8.3,19.3405375,89.0549091,44.558,395
Redbridge 029,E02000775,2011,25.92592593,55.75032065,4.9,24.600939,109.5035448,27.61,212
Redbridge 030,E02000776,2011,20.87542088,55.01850642,5.7,23.7602009,92.17965983,24.774,224.995
Redbridge 031,E02000777,2011,23.11827957,66.13499769,2.9,70.236274,92.55833062,30.472,260
Redbridge 032,E02000778,2011,26.89295039,54.47548761,8.2,24.7685362,90.94792784,22.918,215
Redbridge 033,E02000779,2011,24.30769231,53.31783223,8.8,21.2746742,104.5267992,22.915,223.498
Redbridge 034,E02000780,2011,22.49488753,49.68835216,10.8,15.7575344,97.28901825,28.055,233
Redbridge 035,E02000781,2011,18.65671642,56.18987871,6.2,26.7115272,90.24497826,34.608,325
Redbridge 036,E02000782,2011,23.14487633,46.38573232,14.3,15.835935,113.7036317,42.329,326.75
Richmond upon Thames 001,E02000783,2011,14.65517241,46.25393494,16.4,17.4638181,94.45455158,51.92,867.5
Richmond upon Thames 002,E02000784,2011,7.142857143,66.69783596,3.1,85.7170599,100.2772081,56.997,600
Richmond upon Thames 003,E02000785,2011,11.33004926,71.14695341,1.4,87.8700361,93.16293686,43.966,545
Richmond upon Thames 004,E02000786,2011,14.4486692,71.93858901,2.9,88.3139482,102.011328,40.44,470
Richmond upon Thames 005,E02000787,2011,9.302325581,72.20973783,3.3,81.0549777,99.29250607,51.16,617.5
Richmond upon Thames 006,E02000788,2011,13.40206186,73.72867846,2,89.6456512,99.43285592,49.14,459
Richmond upon Thames 007,E02000789,2011,8.148148148,71.50247898,1.6,85.7165913,92.26034134,55.328,495
Richmond upon Thames 008,E02000790,2011,,76.70567454,1.9,89.9402551,97.32260377,57.282,539
Richmond upon Thames 009,E02000791,2011,,70.34811438,1.4,87.5183314,101.2851338,51.048,499.95
Richmond upon Thames 010,E02000792,2011,14.9122807,74.01725791,1.3,90.0844184,92.79117303,34.724,302
Richmond upon Thames 011,E02000793,2011,10.58823529,66.74001354,2.8,77.1115489,91.82595387,42.88,384
Richmond upon Thames 012,E02000794,2011,9.154929577,72.11163554,1.7,85.0052958,96.66419296,59.087,830
Richmond upon Thames 013,E02000795,2011,18.88544892,63.43395419,2.3,88.5184111,88.15818019,31.272,300
Richmond upon Thames 014,E02000796,2011,14.16666667,62.52168112,5.4,69.5626879,91.76885105,44.752,375.5
Richmond upon Thames 015,E02000797,2011,10.8033241,76.95376247,1.4,89.9125949,94.69221,38.433,340
Richmond upon Thames 016,E02000798,2011,5.714285714,71.97593828,2.5,84.0045593,90.22614466,51.201,450
Richmond upon Thames 017,E02000799,2011,13.5483871,61.54157394,1.6,89.9922058,90.23495816,33.176,362.5
Richmond upon Thames 018,E02000800,2011,9.554140127,65.8674569,5,83.0439815,86.30781438,45.613,399.475
Richmond upon Thames 019,E02000801,2011,7.103825137,72.16411907,1.3,91.4497579,90.4281015,41.498,401
Richmond upon Thames 020,E02000802,2011,19.74248927,71.7705324,1.7,89.7287683,89.43602495,33.33,286.25
Richmond upon Thames 021,E02000803,2011,6.25,66.12620508,4.1,83.7115159,86.11753442,43.934,395
Richmond upon Thames 022,E02000804,2011,10.14492754,72.30001918,1.3,90.6839291,84.76888083,41.224,387.5
Richmond upon Thames 023,E02000805,2011,14.58333333,66.03849778,3,88.5823305,86.92843752,40.455,390
Southwark 001,E02000806,2011,19.62616822,69.64236589,2.6,88.6930396,84.49178283,50.947,358
Southwark 002,E02000807,2011,17.75700935,73.26898867,3.1,67.8335138,103.1897579,42.017,475
Southwark 003,E02000808,2011,25.98425197,64.05675915,3.4,64.1067897,129.6357001,55.898,460
Southwark 004,E02000809,2011,27.52293578,77.67379679,2.4,70.6088293,119.7295338,28.25,275
Southwark 006,E02000810,2011,22.32142857,62.60492445,7.2,61.351706,113.4530036,29.516,307.5
Southwark 007,E02000811,2011,30.3030303,49.66340269,4.7,56.9124724,138.2967255,27.19,260
Southwark 008,E02000812,2011,26.8907563,58.57825568,5.7,52.0019436,121.4333032,46.013,305.5
Southwark 009,E02000813,2011,22.64150943,60.00305204,7.9,58.4914445,110.1615925,32.418,250
Southwark 010,E02000814,2011,25.85365854,72.18024825,3.5,67.1405455,100.1666639,25.635,200.5
Southwark 011,E02000815,2011,33.72781065,57.11956522,4.8,49.669078,132.84122,21.717,185
Southwark 012,E02000816,2011,36.21621622,59.42008285,7.3,62.6340816,111.8699126,24.756,221
Southwark 013,E02000817,2011,33.33333333,54.14132942,9.4,58.7619341,106.3501268,24.055,218.25
Southwark 014,E02000818,2011,25.47169811,56.00401943,6.1,53.451022,124.5901657,28.269,311
Southwark 015,E02000819,2011,32.87671233,54.54545455,8.2,50.0180397,122.6606465,22.73,210
Southwark 016,E02000820,2011,28.99159664,61.3900751,6.8,55.4510173,119.7945581,22.644,198.5
Southwark 017,E02000821,2011,30.41474654,52.34463735,9.3,36.1674219,112.9511209,26.945,250
Southwark 018,E02000822,2011,28.96935933,56.07973422,9.2,40.4265812,111.9715312,22.101,197.475
Southwark 019,E02000823,2011,29.17933131,60.33797217,6.9,48.9072805,119.8801514,23.317,174
Southwark 020,E02000824,2011,28.51711027,51.66936314,11.5,29.8913043,108.6909592,26.308,302.5
Southwark 021,E02000825,2011,30.81570997,54.19140003,11.3,26.0234221,108.1015953,24.659,216
Southwark 022,E02000826,2011,33.58778626,57.93838863,6.7,42.8667867,109.7205548,23.8,194.25
Southwark 023,E02000827,2011,26.21722846,57.71829191,6.9,37.0788686,120.8276371,25.18,218
Southwark 024,E02000828,2011,23.77622378,54.36241611,9.3,32.2796135,117.0528131,40.12,310
Southwark 025,E02000829,2011,26.80412371,57.16600199,6.9,41.3995572,107.8111804,36.051,380
Southwark 026,E02000830,2011,27.03583062,66.44144144,3.8,60.9470124,110.7870719,26.73,255
Southwark 027,E02000831,2011,28.04232804,65.89595376,5.3,56.536575,106.8996405,30.121,265
Southwark 028,E02000832,2011,18.32061069,58.05661404,7.9,43.9959839,104.029711,46.739,352.5
Southwark 029,E02000833,2011,22.22222222,60.07231405,8,47.5177305,101.5517574,36.312,297.5
Southwark 030,E02000834,2011,14.28571429,73.91773432,2.7,70.203283,103.9406927,52.887,459.5
Southwark 031,E02000835,2011,12.70718232,65.25629077,6.8,61.3736871,96.71859868,70.356,717.5
Southwark 032,E02000836,2011,17.80821918,72.83950617,2.4,74.1140777,101.8089091,43.476,294.5
Southwark 033,E02000837,2011,29.22077922,72.32297745,2.3,81.2658228,102.9455718,44.337,291.625
Southwark 034,E02000838,2011,24.67532468,70.3661163,4.3,69.7930283,100.4642963,30.166,305
Sutton 001,E02000839,2011,23.05194805,64.97175141,5.8,63.8750622,97.00363698,23.501,186.5
Sutton 002,E02000840,2011,25.58139535,61.75548589,8.2,74.8011259,90.04498377,23.552,190
Sutton 003,E02000841,2011,21.51394422,62.3326343,8.5,72.7439514,91.70448016,31.834,250
Sutton 004,E02000842,2011,24.4047619,68.05162659,2.7,77.4719541,91.07098881,30.441,174
Sutton 005,E02000843,2011,25.78397213,71.85317816,4.4,79.6797865,87.86939062,28.121,215
Sutton 006,E02000844,2011,11.94029851,66.84425502,4.3,80.7815915,89.68177252,36.52,275
Sutton 007,E02000845,2011,19.17808219,71.97530864,3.2,80.0947333,85.52119475,32.767,245
Sutton 008,E02000846,2011,17.00404858,67.42574257,3.1,78.0660712,89.50399268,38.126,250
Sutton 009,E02000847,2011,16.12903226,68.29383142,2,83.075699,87.48477256,35.055,270
Sutton 010,E02000848,2011,16.51376147,70.70063694,2,82.2537711,88.50280405,32.09,219.5
Sutton 011,E02000849,2011,20.40816327,68.87237128,4,80.6546426,90.52983844,33.521,240
Sutton 012,E02000850,2011,22.42990654,69.7794899,2.5,76.4865651,87.93370384,27.609,166
Sutton 013,E02000851,2011,15.53398058,67.18196457,5.1,75.090036,91.44114027,34.717,235
Sutton 014,E02000852,2011,18.94273128,71.35499911,2.6,82.889427,87.61601175,32.03,222.5
Sutton 015,E02000853,2011,13.91752577,71.39773341,3.6,79.0964173,89.52129897,39.764,250
Sutton 016,E02000854,2011,14.28571429,71.04454685,2.3,87.3398113,88.97847784,46.181,352
Sutton 017,E02000855,2011,16.12903226,69.0001795,2,83.022987,88.00866475,35.799,188.5
Sutton 018,E02000856,2011,18.30985915,69.4629239,1.9,77.3483366,88.72804099,36.254,195
Sutton 019,E02000857,2011,25,72.18565401,2.5,73.8140417,87.14034353,23.845,211.75
Sutton 020,E02000858,2011,21.73913043,58.89196676,9.9,72.6303472,86.83565752,36.194,237.45
Sutton 021,E02000859,2011,19.87951807,66.05662983,3.4,81.5309247,87.60626997,30.415,189.5
Sutton 022,E02000860,2011,14.04494382,68.73239437,3.8,73.216636,84.80364855,55.178,420
Sutton 024,E02000861,2011,16.66666667,66.37562366,1.2,82.7531012,83.84991701,42.951,346
Sutton 025,E02000862,2011,13.48314607,67.07707877,1.1,76.8319226,82.65874215,55.649,416.25
Tower Hamlets 001,E02000863,2011,28.27868852,66.14549403,2.8,76.2996702,81.02799156,28.619,227.715
Tower Hamlets 002,E02000864,2011,26.93877551,54.79407456,9.6,55.1886224,110.8338513,29.97,275
Tower Hamlets 003,E02000865,2011,20.52401747,55.5157458,8.8,46.9436959,115.7194506,43.435,325
Tower Hamlets 004,E02000866,2011,22.61904762,62.27111053,5.6,65.4833368,106.7586909,37.341,250
Tower Hamlets 005,E02000867,2011,25.84269663,65.66616008,6.9,57.8936584,122.4260249,32.542,275
Tower Hamlets 006,E02000868,2011,25.36231884,60.09337068,6.8,54.4330519,114.7526512,33.513,345
Tower Hamlets 007,E02000869,2011,23.80952381,60.21409456,6.1,56.3014899,117.1054347,30.571,249.999
Tower Hamlets 008,E02000870,2011,25.78947368,58.75994289,8.4,54.0219237,113.6031126,26.919,240
Tower Hamlets 009,E02000871,2011,28.21782178,49.64736756,12.1,28.0176929,124.9816017,32.28,321.5
Tower Hamlets 010,E02000872,2011,21.68674699,61.67785235,7.6,48.9401413,115.0872201,28.954,250
Tower Hamlets 011,E02000873,2011,25.94142259,39.16957027,7.9,42.5226673,111.5538336,26.561,250
Tower Hamlets 012,E02000874,2011,24.70862471,46.68787425,10.3,33.7073923,114.7152142,27.168,230
Tower Hamlets 013,E02000875,2011,25.2688172,49.70033621,11.5,34.7563559,104.7743345,29.289,236
Tower Hamlets 014,E02000876,2011,31.08433735,52.31578947,7.1,37.6723035,114.1712053,27.236,277.5
Tower Hamlets 015,E02000877,2011,24.26778243,47.54398311,11,32.0310109,107.8506562,37.981,380
Tower Hamlets 016,E02000878,2011,23.2,54.56333141,4.8,45.2654093,128.3502143,28.325,315
Tower Hamlets 017,E02000879,2011,29.01554404,48.71885492,7.3,40.6733036,110.2446314,28.569,246.75
Tower Hamlets 018,E02000880,2011,25.27777778,50.80663486,7.3,36.4612188,114.1580588,25.871,200
Tower Hamlets 019,E02000881,2011,27.77777778,48.73203719,14.6,34.7662469,117.5226773,28.448,215
Tower Hamlets 020,E02000882,2011,23.78223496,48.73851295,10.9,29.5792655,107.2701246,24.709,237.5
Tower Hamlets 021,E02000883,2011,25.23364486,46.08041124,13,37.7232704,120.9609187,40.353,335
Tower Hamlets 022,E02000884,2011,26.07003891,62.00130804,5.6,41.9656615,140.0039065,25.521,238
Tower Hamlets 023,E02000885,2011,25.43352601,47.14456869,10.3,30.2973169,119.7465841,42.405,315
Tower Hamlets 024,E02000886,2011,27.04225352,65.0542262,5.6,49.4676495,125.0774352,26.79,230
Tower Hamlets 025,E02000887,2011,27.5,52.28384992,13,37.8060046,114.5877981,39.596,340
Tower Hamlets 026,E02000888,2011,19.20529801,61.15439657,7.1,39.9634814,128.4741076,47.227,325
Tower Hamlets 027,E02000889,2011,11.11111111,65.90059791,4.6,50.4987908,124.2254564,72.382,454.35
Tower Hamlets 028,E02000890,2011,25.63176895,78.26259421,1.6,76.013805,113.1692923,50.177,340
Tower Hamlets 030,E02000891,2011,27.16763006,68.45812428,5.9,45.2437293,118.140035,40.271,300
Tower Hamlets 031,E02000892,2011,26.31578947,68.64414709,5.3,48.4668263,105.8097558,58.097,304.5
Tower Hamlets 032,E02000893,2011,28.71794872,62.19721533,7.1,57.5998821,97.12652125,46.828,305
Tower Hamlets 033,E02000894,2011,17.72151899,70.59031044,4.1,57.344382,96.5003696,61.03,405
Waltham Forest 001,E02000895,2011,20.51282051,59.17480999,5.1,78.1426244,86.81568753,33.437,274.995
Waltham Forest 002,E02000896,2011,16.29955947,65.71649884,3.2,86.1016565,83.45922008,47.637,295
Waltham Forest 003,E02000897,2011,18.58736059,60.61457419,6.8,76.1049895,88.52044917,30.715,235
Waltham Forest 004,E02000898,2011,15.89147287,61.1259576,6.1,74.2580645,88.22826185,35.495,246.75
Waltham Forest 005,E02000899,2011,21.96261682,63.72464019,4.4,72.1969697,91.48778882,34.598,234
Waltham Forest 006,E02000900,2011,26.62337662,59.02765848,7,58.0613254,105.0465018,29.313,235
Waltham Forest 007,E02000901,2011,17.71428571,67.39953407,3.5,77.1102337,92.67171305,44.721,277
Waltham Forest 008,E02000902,2011,25.77319588,61.85197817,7,55.3395699,100.7372658,30.115,250
Waltham Forest 009,E02000903,2011,26.43391521,53.2388664,10.8,47.3736592,94.71734525,25.263,204.5
Waltham Forest 010,E02000904,2011,18.79432624,63.25301205,6.3,52.3821099,100.5919539,34.202,248.25
Waltham Forest 011,E02000905,2011,23.85321101,61.6938951,6.2,50.067786,95.93215646,30.591,240
Waltham Forest 012,E02000906,2011,24.03560831,62.38286479,7.6,50.8974913,94.64585303,28.644,207.5
Waltham Forest 013,E02000907,2011,27.93733681,52.77698661,9.1,44.8489698,95.05494525,24.557,219.998
Waltham Forest 014,E02000908,2011,23.67601246,65.37027833,5.7,50.4564473,93.84784254,28.067,191.25
Waltham Forest 015,E02000909,2011,21.63265306,66.53125,4.3,55.8333333,96.30392587,38.108,289
Waltham Forest 016,E02000910,2011,23.1292517,61.80048662,5.3,46.0833801,99.81017452,30.458,242.5
Waltham Forest 017,E02000911,2011,24.75570033,60.45779339,6.5,45.4102281,95.79705537,27.83,215
Waltham Forest 018,E02000912,2011,26.34730539,57.18617344,8.1,40.2143321,91.95296308,27.888,230
Waltham Forest 019,E02000913,2011,21.82539683,57.75182039,5.3,41.1555249,95.80525243,33.147,250
Waltham Forest 020,E02000914,2011,27.19546742,52.10169925,8.8,32.0747593,102.4196714,23.842,232.5
Waltham Forest 021,E02000915,2011,17.67676768,62.65042559,4.2,53.9627444,105.7575759,36.197,249.5
Waltham Forest 022,E02000916,2011,21.63934426,59.62303048,8.5,38.8929889,97.72420798,26.078,183.998
Waltham Forest 023,E02000917,2011,23.76681614,63.38507021,4.5,46.9087341,100.3374603,29.226,198
Waltham Forest 024,E02000918,2011,20.92050209,61.58072697,5.8,48.1371904,117.1314007,29.865,233
Waltham Forest 025,E02000919,2011,32,61.13315998,4.7,44.2034486,111.0268617,29.238,228
Waltham Forest 026,E02000920,2011,23.89078498,55.206906,8.2,36.3118472,104.0809576,25.236,198
Waltham Forest 027,E02000921,2011,25.19893899,54.6031746,9.5,40.0599945,105.736883,24.919,235
Waltham Forest 028,E02000922,2011,23.41137124,57.24052206,6.4,43.9608477,98.62010536,26.784,219.75
Wandsworth 001,E02000923,2011,25.6097561,73.74466689,2.3,79.3550977,109.2091525,50.458,518.5
Wandsworth 002,E02000924,2011,25.77777778,66.50213886,6.2,56.3381547,112.2477686,30.375,373.75
Wandsworth 003,E02000925,2011,25.22522523,63.75147729,7.7,60.3720693,116.9014746,29.995,391.25
Wandsworth 004,E02000926,2011,26.95652174,74.7978258,3.4,72.7954342,110.171447,42.699,442.5
Wandsworth 005,E02000927,2011,26.73267327,72.56715887,4.8,75.4050074,112.6881658,36.602,400.5
Wandsworth 006,E02000928,2011,14.63414634,76.16401322,1.6,88.933554,101.7078186,62.804,690
Wandsworth 007,E02000929,2011,26.47058824,59.04449307,9.4,45.9667445,117.5115181,24.048,225
Wandsworth 008,E02000930,2011,22.22222222,80.6180113,2.6,79.2372881,115.9511248,48.812,450
Wandsworth 009,E02000931,2011,13.95348837,82.93540354,1,87.1135237,109.4274818,66.174,515
Wandsworth 010,E02000932,2011,14.1025641,82.13638423,1.1,84.1977467,112.5686363,60.518,421.75
Wandsworth 011,E02000933,2011,19.13043478,72.87102858,1.8,83.3731921,100.6780197,55.036,415
Wandsworth 012,E02000934,2011,19.51219512,80.25429116,2.2,76.749039,124.574837,46.299,405
Wandsworth 013,E02000935,2011,24.46808511,44.04481132,11.6,64.1167883,94.07206355,22.037,222
Wandsworth 014,E02000936,2011,19.23076923,75.96097845,2.4,79.3637455,105.0758816,46.759,380
Wandsworth 015,E02000937,2011,9.848484848,77.86984291,1.6,87.1310202,104.286958,63.633,535
Wandsworth 016,E02000938,2011,21.45922747,60.6975089,6.4,71.2864027,96.11988204,32.118,357
Wandsworth 017,E02000939,2011,5.785123967,73.53463588,2.9,86.3077309,101.7341368,72.68,954
Wandsworth 018,E02000940,2011,24.22680412,70.82253886,6,62.6419911,107.798967,33.102,285
Wandsworth 019,E02000941,2011,13.98601399,74.94511171,2.3,82.5872649,108.3734934,52.035,475
Wandsworth 020,E02000942,2011,7.853403141,73.98648649,1.6,79.306777,102.5136755,58.131,560
Wandsworth 021,E02000943,2011,23.15789474,78.69351101,1.8,79.4453701,104.9638762,53.94,490
Wandsworth 022,E02000944,2011,24.21524664,63.93712301,7.3,61.4765473,99.69320497,29.893,250
Wandsworth 023,E02000945,2011,19.81132075,47.888757,6.6,65.3543307,95.79929675,24.458,230
Wandsworth 024,E02000946,2011,24.6835443,63.62388469,3.3,72.472996,102.8106481,38.08,360
Wandsworth 025,E02000947,2011,12.05673759,80.06072874,1.9,81.7867435,100.0162279,52.51,418.75
Wandsworth 026,E02000948,2011,16.42857143,80.1179444,2.4,74.5469272,101.3494296,48.389,373
Wandsworth 027,E02000949,2011,17.0212766,75.74033364,1.3,82.4069352,99.69083571,58.785,420
Wandsworth 028,E02000950,2011,20,70.23688663,4.2,73.3570863,94.308134,38.39,287.5
Wandsworth 029,E02000951,2011,17.43119266,72.54509018,2.5,71.443609,105.1438737,40.491,291
Wandsworth 030,E02000952,2011,20,72.69987947,3.2,72.4628416,100.9273823,43.605,375
Wandsworth 031,E02000953,2011,22.82608696,73.36657497,2.2,71.6967815,103.6266969,41.826,370
Wandsworth 032,E02000954,2011,20.46783626,66.68684423,4.5,52.4342822,101.3717703,36.075,344.25
Wandsworth 033,E02000955,2011,22.16748768,58.65460268,7,46.4998511,99.78932091,29.21,290
Wandsworth 034,E02000956,2011,22.22222222,57.43364273,6.8,49.0201168,100.3662431,27.174,270
Wandsworth 035,E02000957,2011,19.67213115,67.06050841,5,52.4128813,104.2895487,31.982,250
Wandsworth 036,E02000958,2011,16.39871383,63.28125,4.3,59.944384,96.34466183,35.789,315
Wandsworth 037,E02000959,2011,23.03921569,63.98431665,6.8,53.3803401,99.49244989,29.632,232.5
Westminster 001,E02000960,2011,15.68627451,62.08087787,3.5,61.2839879,114.4364454,55.252,700
Westminster 002,E02000961,2011,20.9039548,60.62183659,7.1,62.5079432,113.4981553,41.412,637.5
Westminster 003,E02000962,2011,24.32432432,56.38948334,4.1,55.2179963,127.0145221,38.549,462.5
Westminster 004,E02000963,2011,28.125,52.24667282,11.2,47.0616617,113.1857183,25.911,429.25
Westminster 005,E02000964,2011,30.25936599,57.42135121,8.9,49.9402343,118.0944795,28.594,340
Westminster 006,E02000965,2011,26.1682243,70.95488829,5.2,65.9673119,110.9099004,41.816,520
Westminster 007,E02000966,2011,21.97802198,69.59251666,2.8,70.1380305,121.0524462,55.98,650
Westminster 008,E02000967,2011,17.64705882,61.83441558,2.5,60.6530388,124.3980738,55.318,650
Westminster 009,E02000968,2011,25.795053,43.12773191,13,38.4524307,137.1090646,20.825,356.5
Westminster 010,E02000969,2011,27.74725275,49.5690307,13.8,42.6948226,152.3293994,23.726,382.5
Westminster 011,E02000970,2011,,69.53564421,1.4,73.1715463,155.2757361,66.539,745
Westminster 012,E02000971,2011,39.68253968,61.20701754,2.6,63.6179829,162.9993907,46.398,725
Westminster 013,E02000972,2011,24.59016393,63.51698931,2,67.4666987,154.3787322,43.102,670.5
Westminster 014,E02000973,2011,24.03846154,69.13992604,3.1,69.5936571,145.8043994,44.419,600
Westminster 015,E02000974,2011,22.5,55.69904548,5.2,52.2060496,147.8902307,40.174,630
Westminster 016,E02000975,2011,,67.93721973,2.2,66.2098892,149.4269804,48.906,717.5
Westminster 017,E02000976,2011,23.21428571,64.45689758,3.5,63.0102554,122.2187969,40.071,553.25
Westminster 018,E02000977,2011,,64.30292081,1.4,69.3190921,154.4277474,54.574,750
Westminster 019,E02000978,2011,,52.93658028,2.7,69.5577131,122.2039352,89.999,1750
Westminster 020,E02000979,2011,22.22222222,63.58695652,3.1,73.6295013,140.8237345,51.32,722.5
Westminster 021,E02000980,2011,28.26086957,63.63901019,4.7,67.941041,127.9597464,36.808,555
Westminster 022,E02000981,2011,25.33333333,71.3123224,2,79.1346902,129.115345,51.738,550
Westminster 023,E02000982,2011,26.23762376,61.55442068,6.6,64.2839776,135.8472854,34.92,654
Westminster 024,E02000983,2011,28.10810811,63.67139334,5.1,70.2513635,123.9118895,35.968,498.725
